index,freq_hz,real,imag
          0,0.00,          0,        -15
          1,23.44,        -12,        -19
          2,46.88,        -42,        -51
          3,70.31,       -519,       -577
          4,93.75,       1597,       1770
          5,117.19,      -1166,      -1300
          6,140.62,        113,        124
          7,164.06,         23,         22
          8,187.50,         10,          5
          9,210.94,          9,         -3
         10,234.38,         20,        -14
         11,257.81,         94,        -69
         12,281.25,      -1314,        955
         13,304.69,       1968,      -1432
         14,328.12,       -720,        517
         15,351.56,        -48,         29
         16,375.00,        -16,          4
         17,398.44,        -11,         -5
         18,421.88,        -14,        -17
         19,445.31,        -37,        -58
         20,468.75,       -336,       -576
         21,492.19,       1161,       2012
         22,515.62,       -931,      -1613
         23,539.06,        114,        201
         24,562.50,         19,         36
         25,585.94,          6,         12
         26,609.38,          2,          5
         27,632.81,          0,          2
         28,656.25,         -1,          1
         29,679.69,         -1,          0
         30,703.12,         -1,          0
         31,726.56,         -1,         -1
         32,750.00,         -1,          0
         33,773.44,         -1,          0
         34,796.88,         -1,         -1
         35,820.31,         -1,         -1
         36,843.75,         -1,         -1
         37,867.19,         -2,         -1
         38,890.62,         -2,         -1
         39,914.06,         -1,         -1
         40,937.50,         -1,         -1
         41,960.94,         -1,         -1
         42,984.38,         -1,         -1
         43,1007.81,         -2,         -1
         44,1031.25,         -1,         -1
         45,1054.69,         -2,         -1
         46,1078.12,         -1,         -1
         47,1101.56,         -1,         -1
         48,1125.00,         -1,         -1
         49,1148.44,         -2,         -1
         50,1171.88,         -1,         -1
         51,1195.31,         -2,         -1
         52,1218.75,         -2,         -1
         53,1242.19,         -2,         -1
         54,1265.62,         -2,         -1
         55,1289.06,         -2,         -1
         56,1312.50,         -2,         -1
         57,1335.94,         -2,         -1
         58,1359.38,         -1,         -1
         59,1382.81,         -2,         -1
         60,1406.25,         -2,         -1
         61,1429.69,         -2,         -1
         62,1453.12,         -2,         -1
         63,1476.56,         -2,         -1
         64,1500.00,         -1,         -1
         65,1523.44,          0,          0
         66,1546.88,         -1,         -1
         67,1570.31,         -1,          0
         68,1593.75,          0,          0
         69,1617.19,          0,          0
         70,1640.62,         -1,          0
         71,1664.06,          0,          0
         72,1687.50,          0,          0
         73,1710.94,         -1,          0
         74,1734.38,         -1,          0
         75,1757.81,         -1,         -1
         76,1781.25,         -1,         -1
         77,1804.69,         -1,          0
         78,1828.12,         -1,         -1
         79,1851.56,         -1,         -1
         80,1875.00,         -1,         -1
         81,1898.44,         -1,         -1
         82,1921.88,         -1,         -1
         83,1945.31,         -1,         -1
         84,1968.75,         -1,         -1
         85,1992.19,         -1,         -1
         86,2015.62,         -1,         -1
         87,2039.06,         -1,         -1
         88,2062.50,         -2,         -1
         89,2085.94,         -1,         -1
         90,2109.38,         -1,          0
         91,2132.81,         -1,          0
         92,2156.25,         -1,         -1
         93,2179.69,         -1,         -1
         94,2203.12,         -1,          0
         95,2226.56,         -1,          0
         96,2250.00,          0,          0
         97,2273.44,         -1,          0
         98,2296.88,         -1,         -1
         99,2320.31,         -1,         -1
        100,2343.75,         -1,         -1
        101,2367.19,         -1,         -1
        102,2390.62,         -1,         -1
        103,2414.06,         -2,         -1
        104,2437.50,         -2,         -1
        105,2460.94,         -2,         -1
        106,2484.38,         -2,         -1
        107,2507.81,         -1,         -1
        108,2531.25,         -2,         -1
        109,2554.69,         -1,         -1
        110,2578.12,         -2,         -1
        111,2601.56,         -1,         -1
        112,2625.00,         -1,         -1
        113,2648.44,         -2,         -1
        114,2671.88,         -2,         -1
        115,2695.31,         -2,         -1
        116,2718.75,         -2,         -1
        117,2742.19,         -1,         -1
        118,2765.62,         -2,         -1
        119,2789.06,         -1,         -1
        120,2812.50,         -1,         -1
        121,2835.94,         -2,         -1
        122,2859.38,         -1,         -1
        123,2882.81,         -1,         -1
        124,2906.25,         -1,         -2
        125,2929.69,         -2,         -1
        126,2953.12,         -2,         -1
        127,2976.56,         -2,         -1
        128,3000.00,         -1,          0
        129,3023.44,          0,          0
        130,3046.88,         -1,         -1
        131,3070.31,         -1,         -1
        132,3093.75,          0,          0
        133,3117.19,          0,          0
        134,3140.62,         -1,         -1
        135,3164.06,          0,          0
        136,3187.50,         -1,          0
        137,3210.94,         -1,         -1
        138,3234.38,         -1,          0
        139,3257.81,          0,          0
        140,3281.25,          0,          0
        141,3304.69,          0,          0
        142,3328.12,         -1,         -1
        143,3351.56,          0,          0
        144,3375.00,         -1,          0
        145,3398.44,         -1,         -1
        146,3421.88,         -1,         -1
        147,3445.31,         -1,          0
        148,3468.75,         -1,         -1
        149,3492.19,         -1,         -1
        150,3515.62,         -1,         -1
        151,3539.06,         -1,         -1
        152,3562.50,         -1,         -1
        153,3585.94,         -1,          0
        154,3609.38,         -1,         -1
        155,3632.81,         -1,         -1
        156,3656.25,         -1,         -1
        157,3679.69,         -1,          0
        158,3703.12,         -1,         -1
        159,3726.56,         -1,         -1
        160,3750.00,          0,          0
        161,3773.44,          0,          0
        162,3796.88,         -1,          0
        163,3820.31,         -1,          0
        164,3843.75,         -1,         -1
        165,3867.19,         -1,         -1
        166,3890.62,         -1,          0
        167,3914.06,         -1,         -1
        168,3937.50,         -1,         -1
        169,3960.94,         -1,         -1
        170,3984.38,         -1,          0
        171,4007.81,         -1,          0
        172,4031.25,         -1,         -1
        173,4054.69,         -1,         -1
        174,4078.12,         -1,         -1
        175,4101.56,         -1,         -1
        176,4125.00,         -2,         -1
        177,4148.44,         -1,          0
        178,4171.88,         -1,         -1
        179,4195.31,         -1,          0
        180,4218.75,         -1,         -1
        181,4242.19,         -1,         -1
        182,4265.62,         -1,          0
        183,4289.06,         -1,         -1
        184,4312.50,         -1,         -1
        185,4335.94,         -1,         -1
        186,4359.38,         -1,         -1
        187,4382.81,         -1,         -1
        188,4406.25,         -1,         -1
        189,4429.69,         -1,         -1
        190,4453.12,         -2,         -1
        191,4476.56,         -1,         -1
        192,4500.00,         -1,          0
        193,4523.44,          0,          0
        194,4546.88,         -1,          0
        195,4570.31,         -1,          0
        196,4593.75,          0,          0
        197,4617.19,          0,          0
        198,4640.62,          0,          0
        199,4664.06,          0,          0
        200,4687.50,          0,          0
        201,4710.94,          0,          0
        202,4734.38,         -1,          0
        203,4757.81,          0,          0
        204,4781.25,         -1,          0
        205,4804.69,          0,          0
        206,4828.12,         -1,         -1
        207,4851.56,          0,         -1
        208,4875.00,         -1,         -1
        209,4898.44,         -1,         -1
        210,4921.88,         -1,          0
        211,4945.31,         -1,          0
        212,4968.75,         -1,         -1
        213,4992.19,         -1,         -1
        214,5015.62,         -1,         -1
        215,5039.06,         -1,         -1
        216,5062.50,         -2,         -1
        217,5085.94,         -1,          0
        218,5109.38,         -1,          0
        219,5132.81,         -1,         -1
        220,5156.25,         -1,          0
        221,5179.69,         -1,          0
        222,5203.12,         -1,          0
        223,5226.56,          0,         -1
        224,5250.00,          0,          0
        225,5273.44,          0,          0
        226,5296.88,         -1,         -1
        227,5320.31,         -1,         -1
        228,5343.75,         -1,         -1
        229,5367.19,         -1,         -1
        230,5390.62,         -1,         -1
        231,5414.06,         -1,         -1
        232,5437.50,         -1,         -1
        233,5460.94,         -1,         -1
        234,5484.38,         -2,         -1
        235,5507.81,         -2,         -1
        236,5531.25,         -2,         -1
        237,5554.69,         -1,         -1
        238,5578.12,         -1,         -1
        239,5601.56,         -1,         -1
        240,5625.00,         -2,         -1
        241,5648.44,         -1,         -1
        242,5671.88,         -2,         -1
        243,5695.31,         -1,          0
        244,5718.75,         -2,         -1
        245,5742.19,         -1,         -1
        246,5765.62,         -1,         -1
        247,5789.06,         -1,         -1
        248,5812.50,         -1,         -1
        249,5835.94,         -1,         -2
        250,5859.38,         -1,         -1
        251,5882.81,         -2,         -1
        252,5906.25,         -1,         -2
        253,5929.69,         -2,         -1
        254,5953.12,         -2,         -1
        255,5976.56,         -2,         -1
        256,6000.00,          0,          0
        257,6023.44,          0,          0
        258,6046.88,          0,          0
        259,6070.31,         -1,         -1
        260,6093.75,          0,          0
        261,6117.19,          0,          0
        262,6140.62,         -1,          0
        263,6164.06,          0,          0
        264,6187.50,         -1,          0
        265,6210.94,         -1,          0
        266,6234.38,          0,          0
        267,6257.81,          0,          0
        268,6281.25,         -1,          0
        269,6304.69,          0,          0
        270,6328.12,         -1,          0
        271,6351.56,          0,          0
        272,6375.00,         -1,          0
        273,6398.44,         -1,         -1
        274,6421.88,         -1,          0
        275,6445.31,         -1,         -1
        276,6468.75,         -1,          0
        277,6492.19,         -1,         -1
        278,6515.62,          0,         -1
        279,6539.06,         -1,         -1
        280,6562.50,          0,          0
        281,6585.94,         -1,         -1
        282,6609.38,         -1,         -1
        283,6632.81,         -1,          0
        284,6656.25,         -1,          0
        285,6679.69,          0,          0
        286,6703.12,         -1,         -1
        287,6726.56,         -1,         -1
        288,6750.00,          0,          0
        289,6773.44,          0,          0
        290,6796.88,         -1,          0
        291,6820.31,          0,          0
        292,6843.75,         -1,         -1
        293,6867.19,         -1,         -1
        294,6890.62,         -1,          0
        295,6914.06,         -1,         -1
        296,6937.50,          0,          0
        297,6960.94,         -1,          0
        298,6984.38,          0,         -1
        299,7007.81,         -1,          0
        300,7031.25,         -1,          0
        301,7054.69,          0,         -1
        302,7078.12,         -1,          0
        303,7101.56,         -1,         -1
        304,7125.00,          0,          0
        305,7148.44,         -1,          0
        306,7171.88,         -1,         -1
        307,7195.31,         -1,         -1
        308,7218.75,         -1,         -1
        309,7242.19,         -1,          0
        310,7265.62,          0,          0
        311,7289.06,         -1,         -1
        312,7312.50,         -1,         -1
        313,7335.94,         -1,          0
        314,7359.38,         -1,          0
        315,7382.81,         -1,          0
        316,7406.25,          0,         -1
        317,7429.69,         -1,          0
        318,7453.12,         -1,          0
        319,7476.56,         -1,          0
        320,7500.00,          0,          0
        321,7523.44,          0,          0
        322,7546.88,         -1,          0
        323,7570.31,         -1,          0
        324,7593.75,          0,          0
        325,7617.19,          0,          0
        326,7640.62,          0,          0
        327,7664.06,          0,          0
        328,7687.50,          0,          0
        329,7710.94,         -1,          0
        330,7734.38,          0,          0
        331,7757.81,          0,          0
        332,7781.25,          0,          0
        333,7804.69,          0,          0
        334,7828.12,         -1,          0
        335,7851.56,          0,         -1
        336,7875.00,          0,          0
        337,7898.44,         -1,          0
        338,7921.88,          0,          0
        339,7945.31,         -1,          0
        340,7968.75,         -1,          0
        341,7992.19,         -1,          0
        342,8015.62,          0,          0
        343,8039.06,         -1,         -1
        344,8062.50,         -1,         -1
        345,8085.94,          0,          0
        346,8109.38,         -1,          0
        347,8132.81,         -1,          0
        348,8156.25,          0,          0
        349,8179.69,         -1,          0
        350,8203.12,         -1,          0
        351,8226.56,          0,          0
        352,8250.00,          0,          0
        353,8273.44,          0,          0
        354,8296.88,         -1,         -1
        355,8320.31,         -1,         -1
        356,8343.75,          0,          0
        357,8367.19,          0,          0
        358,8390.62,         -1,         -1
        359,8414.06,         -1,          0
        360,8437.50,         -1,         -1
        361,8460.94,         -1,         -1
        362,8484.38,         -1,          0
        363,8507.81,         -1,          0
        364,8531.25,         -1,          0
        365,8554.69,         -1,         -1
        366,8578.12,         -1,         -1
        367,8601.56,         -1,         -1
        368,8625.00,         -1,          0
        369,8648.44,          0,         -1
        370,8671.88,         -1,          0
        371,8695.31,          0,          0
        372,8718.75,         -1,         -1
        373,8742.19,         -1,         -1
        374,8765.62,         -1,          0
        375,8789.06,          0,          0
        376,8812.50,         -1,          0
        377,8835.94,         -1,         -1
        378,8859.38,         -1,         -1
        379,8882.81,         -1,         -1
        380,8906.25,         -1,         -1
        381,8929.69,         -1,          0
        382,8953.12,         -1,         -1
        383,8976.56,         -1,          0
        384,9000.00,          0,          0
        385,9023.44,          0,          0
        386,9046.88,         -1,          0
        387,9070.31,         -1,          0
        388,9093.75,          0,          0
        389,9117.19,          0,          0
        390,9140.62,         -1,          0
        391,9164.06,          0,          0
        392,9187.50,          0,          0
        393,9210.94,          0,         -1
        394,9234.38,         -1,          0
        395,9257.81,          0,          0
        396,9281.25,          0,          0
        397,9304.69,         -1,          0
        398,9328.12,         -1,         -1
        399,9351.56,          0,          0
        400,9375.00,          0,          0
        401,9398.44,         -1,          0
        402,9421.88,         -1,          0
        403,9445.31,         -1,          0
        404,9468.75,         -1,          0
        405,9492.19,          0,         -1
        406,9515.62,          0,         -1
        407,9539.06,         -1,         -1
        408,9562.50,         -1,          0
        409,9585.94,          0,          0
        410,9609.38,         -1,          0
        411,9632.81,          0,          0
        412,9656.25,         -1,          0
        413,9679.69,         -1,          0
        414,9703.12,         -1,          0
        415,9726.56,         -1,          0
        416,9750.00,          0,          0
        417,9773.44,          0,          0
        418,9796.88,          0,          0
        419,9820.31,          0,          0
        420,9843.75,          0,         -1
        421,9867.19,         -1,         -1
        422,9890.62,          0,          0
        423,9914.06,          0,         -1
        424,9937.50,         -1,         -1
        425,9960.94,         -1,         -1
        426,9984.38,          0,          0
        427,10007.81,          0,          0
        428,10031.25,         -1,         -1
        429,10054.69,         -1,         -1
        430,10078.12,          0,         -1
        431,10101.56,         -1,         -1
        432,10125.00,         -1,         -1
        433,10148.44,          0,          0
        434,10171.88,         -1,         -1
        435,10195.31,          0,          0
        436,10218.75,         -1,          0
        437,10242.19,         -1,          0
        438,10265.62,         -1,          0
        439,10289.06,         -1,         -1
        440,10312.50,          0,         -1
        441,10335.94,         -1,         -1
        442,10359.38,         -1,         -1
        443,10382.81,         -1,         -1
        444,10406.25,         -1,         -1
        445,10429.69,          0,          0
        446,10453.12,         -1,          0
        447,10476.56,         -1,         -1
        448,10500.00,         -1,         -1
        449,10523.44,          0,          0
        450,10546.88,         -1,         -1
        451,10570.31,         -1,          0
        452,10593.75,          0,          0
        453,10617.19,          0,          0
        454,10640.62,          0,          0
        455,10664.06,          0,          0
        456,10687.50,          0,          0
        457,10710.94,          0,          0
        458,10734.38,         -1,          0
        459,10757.81,         -1,          0
        460,10781.25,          0,          0
        461,10804.69,          0,          0
        462,10828.12,         -1,          0
        463,10851.56,          0,         -1
        464,10875.00,         -1,         -1
        465,10898.44,         -2,          0
        466,10921.88,          0,          0
        467,10945.31,          0,          0
        468,10968.75,         -1,          0
        469,10992.19,         -1,          0
        470,11015.62,         -1,          0
        471,11039.06,         -1,         -1
        472,11062.50,         -1,         -1
        473,11085.94,          0,          0
        474,11109.38,          0,          0
        475,11132.81,         -1,          0
        476,11156.25,         -1,          0
        477,11179.69,         -1,          0
        478,11203.12,         -1,          0
        479,11226.56,          0,          0
        480,11250.00,          0,          0
        481,11273.44,          0,          0
        482,11296.88,         -1,          0
        483,11320.31,         -1,         -1
        484,11343.75,         -2,         -1
        485,11367.19,         -1,         -1
        486,11390.62,         -2,         -1
        487,11414.06,         -1,         -1
        488,11437.50,         -1,         -1
        489,11460.94,         -1,         -1
        490,11484.38,         -2,         -1
        491,11507.81,         -2,         -1
        492,11531.25,         -2,         -1
        493,11554.69,         -1,         -1
        494,11578.12,         -2,          0
        495,11601.56,         -2,         -1
        496,11625.00,         -2,         -2
        497,11648.44,         -1,         -1
        498,11671.88,         -2,         -1
        499,11695.31,         -1,         -1
        500,11718.75,         -2,         -1
        501,11742.19,         -1,         -1
        502,11765.62,         -1,          0
        503,11789.06,         -1,         -1
        504,11812.50,         -1,         -1
        505,11835.94,         -1,         -1
        506,11859.38,         -1,         -1
        507,11882.81,         -2,          0
        508,11906.25,         -1,         -1
        509,11929.69,         -2,          0
        510,11953.12,         -2,          0
        511,11976.56,         -1,         -1
        512,12000.00,         -1,          0
        513,12023.44,          0,          0
        514,12046.88,          0,          0
        515,12070.31,          0,          0
        516,12093.75,          0,          0
        517,12117.19,          0,          0
        518,12140.62,         -1,          0
        519,12164.06,          0,          0
        520,12187.50,          0,          0
        521,12210.94,         -1,          0
        522,12234.38,          0,          0
        523,12257.81,          0,          0
        524,12281.25,          0,          0
        525,12304.69,          0,          0
        526,12328.12,          0,          0
        527,12351.56,          0,          0
        528,12375.00,          0,          0
        529,12398.44,          0,          0
        530,12421.88,          0,          0
        531,12445.31,         -1,          0
        532,12468.75,          0,          0
        533,12492.19,          0,          0
        534,12515.62,         -1,          0
        535,12539.06,          0,         -1
        536,12562.50,         -1,          0
        537,12585.94,          0,          0
        538,12609.38,         -1,          0
        539,12632.81,          0,          0
        540,12656.25,         -1,          0
        541,12679.69,         -1,          0
        542,12703.12,          0,          0
        543,12726.56,         -1,          0
        544,12750.00,          0,          0
        545,12773.44,          0,          0
        546,12796.88,          0,          0
        547,12820.31,          0,          0
        548,12843.75,         -1,          0
        549,12867.19,          0,          0
        550,12890.62,         -1,          0
        551,12914.06,          0,          0
        552,12937.50,          0,          0
        553,12960.94,          0,          0
        554,12984.38,          0,          0
        555,13007.81,          0,          0
        556,13031.25,          0,          0
        557,13054.69,          0,          0
        558,13078.12,          0,          0
        559,13101.56,          0,          0
        560,13125.00,          0,          0
        561,13148.44,          0,          0
        562,13171.88,          0,          0
        563,13195.31,          0,          0
        564,13218.75,         -1,          0
        565,13242.19,         -1,          0
        566,13265.62,          0,          0
        567,13289.06,          0,          0
        568,13312.50,          0,          0
        569,13335.94,         -1,          0
        570,13359.38,          0,          0
        571,13382.81,         -1,          0
        572,13406.25,         -1,          0
        573,13429.69,         -1,          0
        574,13453.12,         -1,          0
        575,13476.56,         -1,          0
        576,13500.00,         -1,          0
        577,13523.44,          0,          0
        578,13546.88,          0,          0
        579,13570.31,          0,          0
        580,13593.75,          0,          0
        581,13617.19,          0,          0
        582,13640.62,          0,          0
        583,13664.06,          0,          0
        584,13687.50,          0,          0
        585,13710.94,          0,          0
        586,13734.38,          0,          0
        587,13757.81,          0,          0
        588,13781.25,          0,          0
        589,13804.69,          0,          0
        590,13828.12,          0,          0
        591,13851.56,          0,         -1
        592,13875.00,         -1,         -1
        593,13898.44,          0,          0
        594,13921.88,          0,         -1
        595,13945.31,         -1,          0
        596,13968.75,          0,          0
        597,13992.19,          0,          0
        598,14015.62,         -1,          0
        599,14039.06,          0,         -1
        600,14062.50,         -1,         -1
        601,14085.94,          0,          0
        602,14109.38,          0,          0
        603,14132.81,          0,          0
        604,14156.25,          0,          0
        605,14179.69,          0,          0
        606,14203.12,          0,          0
        607,14226.56,          0,          0
        608,14250.00,          0,          0
        609,14273.44,          0,          0
        610,14296.88,          0,          0
        611,14320.31,          0,          0
        612,14343.75,          0,         -1
        613,14367.19,          0,         -1
        614,14390.62,          0,          0
        615,14414.06,          0,         -1
        616,14437.50,         -1,          0
        617,14460.94,          0,          0
        618,14484.38,         -1,         -1
        619,14507.81,         -1,          0
        620,14531.25,          0,          0
        621,14554.69,          0,         -1
        622,14578.12,         -1,         -1
        623,14601.56,         -1,          0
        624,14625.00,          0,          0
        625,14648.44,          0,         -1
        626,14671.88,         -1,          0
        627,14695.31,          0,          0
        628,14718.75,         -1,          0
        629,14742.19,         -1,          0
        630,14765.62,         -1,          0
        631,14789.06,          0,          0
        632,14812.50,          0,          0
        633,14835.94,          0,         -1
        634,14859.38,          0,          0
        635,14882.81,          0,          0
        636,14906.25,          0,         -1
        637,14929.69,         -1,          0
        638,14953.12,          0,          0
        639,14976.56,         -1,          0
        640,15000.00,          0,          0
        641,15023.44,          0,          0
        642,15046.88,          0,          0
        643,15070.31,          0,          0
        644,15093.75,          0,          0
        645,15117.19,          0,          0
        646,15140.62,          0,          0
        647,15164.06,          0,          0
        648,15187.50,          0,          0
        649,15210.94,         -1,         -1
        650,15234.38,         -1,          0
        651,15257.81,          0,          0
        652,15281.25,          0,          0
        653,15304.69,          0,          0
        654,15328.12,         -1,         -1
        655,15351.56,          0,          0
        656,15375.00,         -1,          0
        657,15398.44,          0,          0
        658,15421.88,          0,          0
        659,15445.31,          0,          0
        660,15468.75,          0,          0
        661,15492.19,          0,         -1
        662,15515.62,          0,         -1
        663,15539.06,         -1,         -1
        664,15562.50,         -1,          0
        665,15585.94,          0,          0
        666,15609.38,         -1,          0
        667,15632.81,          0,          0
        668,15656.25,          0,          0
        669,15679.69,         -1,          0
        670,15703.12,         -1,          0
        671,15726.56,         -1,          0
        672,15750.00,          0,          0
        673,15773.44,          0,          0
        674,15796.88,          0,          0
        675,15820.31,          0,          0
        676,15843.75,          0,         -1
        677,15867.19,         -1,         -1
        678,15890.62,          0,          0
        679,15914.06,          0,         -1
        680,15937.50,         -1,          0
        681,15960.94,          0,          0
        682,15984.38,          0,          0
        683,16007.81,          0,          0
        684,16031.25,         -1,          0
        685,16054.69,          0,          0
        686,16078.12,         -1,         -1
        687,16101.56,         -1,          0
        688,16125.00,         -1,         -1
        689,16148.44,          0,          0
        690,16171.88,          0,          0
        691,16195.31,         -1,          0
        692,16218.75,          0,          0
        693,16242.19,          0,          0
        694,16265.62,         -1,          0
        695,16289.06,          0,          0
        696,16312.50,          0,         -1
        697,16335.94,          0,         -1
        698,16359.38,          0,          0
        699,16382.81,         -1,         -1
        700,16406.25,         -1,          0
        701,16429.69,         -1,          0
        702,16453.12,         -1,          0
        703,16476.56,         -1,         -1
        704,16500.00,          0,          0
        705,16523.44,          0,          0
        706,16546.88,          0,          0
        707,16570.31,          0,          0
        708,16593.75,          0,          0
        709,16617.19,          0,          0
        710,16640.62,          0,          0
        711,16664.06,          0,          0
        712,16687.50,          0,          0
        713,16710.94,          0,          0
        714,16734.38,          0,          0
        715,16757.81,          0,          0
        716,16781.25,          0,          0
        717,16804.69,          0,          0
        718,16828.12,          0,          0
        719,16851.56,          0,         -1
        720,16875.00,         -1,         -1
        721,16898.44,         -1,          0
        722,16921.88,         -1,          0
        723,16945.31,         -1,          0
        724,16968.75,          0,          0
        725,16992.19,          0,          0
        726,17015.62,          0,          0
        727,17039.06,         -1,         -1
        728,17062.50,         -1,         -1
        729,17085.94,          0,          0
        730,17109.38,          0,          0
        731,17132.81,         -1,          0
        732,17156.25,          0,          0
        733,17179.69,         -1,          0
        734,17203.12,         -1,          0
        735,17226.56,          0,         -1
        736,17250.00,          0,          0
        737,17273.44,          0,          0
        738,17296.88,         -1,          0
        739,17320.31,         -1,          0
        740,17343.75,          0,         -1
        741,17367.19,          0,         -1
        742,17390.62,         -1,          0
        743,17414.06,         -1,         -1
        744,17437.50,         -1,         -1
        745,17460.94,          0,          0
        746,17484.38,         -1,          0
        747,17507.81,         -1,          0
        748,17531.25,         -1,          0
        749,17554.69,          0,          0
        750,17578.12,          0,          0
        751,17601.56,          0,          0
        752,17625.00,          0,          0
        753,17648.44,         -1,         -1
        754,17671.88,         -1,          0
        755,17695.31,          0,          0
        756,17718.75,         -1,         -1
        757,17742.19,         -1,          0
        758,17765.62,         -1,          0
        759,17789.06,          0,         -1
        760,17812.50,          0,          0
        761,17835.94,         -1,         -1
        762,17859.38,          0,          0
        763,17882.81,          0,          0
        764,17906.25,         -1,          0
        765,17929.69,         -1,          0
        766,17953.12,          0,          0
        767,17976.56,         -1,          0
        768,18000.00,          0,          0
        769,18023.44,          0,          0
        770,18046.88,          0,          0
        771,18070.31,         -1,         -1
        772,18093.75,          0,          0
        773,18117.19,          0,          0
        774,18140.62,          0,          0
        775,18164.06,          0,          0
        776,18187.50,         -1,          0
        777,18210.94,         -1,          0
        778,18234.38,          0,          0
        779,18257.81,          0,          0
        780,18281.25,         -1,          0
        781,18304.69,          0,          0
        782,18328.12,          0,          0
        783,18351.56,          0,          0
        784,18375.00,          0,          0
        785,18398.44,         -1,         -1
        786,18421.88,          0,          0
        787,18445.31,         -1,          0
        788,18468.75,          0,          0
        789,18492.19,          0,         -1
        790,18515.62,          0,         -1
        791,18539.06,         -1,         -1
        792,18562.50,          0,          0
        793,18585.94,         -1,          0
        794,18609.38,         -1,         -1
        795,18632.81,          0,          0
        796,18656.25,          0,          0
        797,18679.69,          0,          0
        798,18703.12,         -1,          0
        799,18726.56,         -1,          0
        800,18750.00,          0,          0
        801,18773.44,          0,          0
        802,18796.88,          0,          0
        803,18820.31,          0,          0
        804,18843.75,         -1,         -1
        805,18867.19,          0,         -1
        806,18890.62,          0,          0
        807,18914.06,         -1,         -1
        808,18937.50,          0,          0
        809,18960.94,          0,          0
        810,18984.38,          0,         -1
        811,19007.81,          0,          0
        812,19031.25,          0,          0
        813,19054.69,          0,         -1
        814,19078.12,          0,          0
        815,19101.56,         -1,         -1
        816,19125.00,          0,          0
        817,19148.44,          0,          0
        818,19171.88,         -1,          0
        819,19195.31,         -1,          0
        820,19218.75,         -1,         -1
        821,19242.19,         -1,          0
        822,19265.62,          0,          0
        823,19289.06,          0,         -1
        824,19312.50,         -1,          0
        825,19335.94,         -1,          0
        826,19359.38,          0,          0
        827,19382.81,          0,          0
        828,19406.25,          0,         -1
        829,19429.69,          0,          0
        830,19453.12,         -1,          0
        831,19476.56,          0,          0
        832,19500.00,          0,          0
        833,19523.44,          0,          0
        834,19546.88,          0,          0
        835,19570.31,         -1,          0
        836,19593.75,          0,          0
        837,19617.19,          0,          0
        838,19640.62,          0,          0
        839,19664.06,          0,          0
        840,19687.50,          0,          0
        841,19710.94,          0,          0
        842,19734.38,          0,          0
        843,19757.81,          0,          0
        844,19781.25,          0,          0
        845,19804.69,          0,          0
        846,19828.12,          0,          0
        847,19851.56,          0,         -1
        848,19875.00,          0,          0
        849,19898.44,         -1,          0
        850,19921.88,          0,          0
        851,19945.31,          0,          0
        852,19968.75,          0,          0
        853,19992.19,          0,          0
        854,20015.62,          0,          0
        855,20039.06,         -1,         -1
        856,20062.50,          0,         -1
        857,20085.94,          0,          0
        858,20109.38,         -1,          0
        859,20132.81,          0,          0
        860,20156.25,          0,          0
        861,20179.69,         -1,          0
        862,20203.12,         -1,          0
        863,20226.56,          0,          0
        864,20250.00,          0,          0
        865,20273.44,          0,          0
        866,20296.88,         -1,         -1
        867,20320.31,         -1,          0
        868,20343.75,          0,          0
        869,20367.19,          0,          0
        870,20390.62,         -1,          0
        871,20414.06,          0,          0
        872,20437.50,          0,         -1
        873,20460.94,         -1,          0
        874,20484.38,         -1,          0
        875,20507.81,          0,          0
        876,20531.25,          0,          0
        877,20554.69,          0,         -1
        878,20578.12,         -1,         -1
        879,20601.56,         -1,         -1
        880,20625.00,          0,          0
        881,20648.44,         -1,         -1
        882,20671.88,         -1,          0
        883,20695.31,          0,          0
        884,20718.75,         -1,         -1
        885,20742.19,         -1,          0
        886,20765.62,          0,          0
        887,20789.06,          0,          0
        888,20812.50,          0,          0
        889,20835.94,         -1,         -1
        890,20859.38,          0,         -1
        891,20882.81,         -1,         -1
        892,20906.25,          0,         -1
        893,20929.69,         -1,          0
        894,20953.12,         -1,          0
        895,20976.56,          0,          0
        896,21000.00,          0,          0
        897,21023.44,          0,          0
        898,21046.88,         -1,          0
        899,21070.31,          0,          0
        900,21093.75,          0,          0
        901,21117.19,          0,          0
        902,21140.62,          0,          0
        903,21164.06,          0,          0
        904,21187.50,          0,          0
        905,21210.94,          0,         -1
        906,21234.38,         -1,          0
        907,21257.81,          0,          0
        908,21281.25,          0,          0
        909,21304.69,          0,          0
        910,21328.12,          0,         -1
        911,21351.56,          0,          0
        912,21375.00,          0,          0
        913,21398.44,          0,          0
        914,21421.88,          0,          0
        915,21445.31,          0,          0
        916,21468.75,          0,          0
        917,21492.19,          0,         -1
        918,21515.62,          0,         -1
        919,21539.06,         -1,         -1
        920,21562.50,         -1,          0
        921,21585.94,         -1,          0
        922,21609.38,          0,          0
        923,21632.81,         -1,          0
        924,21656.25,          0,          0
        925,21679.69,          0,          0
        926,21703.12,          0,          0
        927,21726.56,          0,          0
        928,21750.00,          0,          0
        929,21773.44,          0,          0
        930,21796.88,          0,          0
        931,21820.31,          0,          0
        932,21843.75,          0,         -1
        933,21867.19,          0,         -1
        934,21890.62,          0,          0
        935,21914.06,          0,         -1
        936,21937.50,         -1,          0
        937,21960.94,         -1,         -1
        938,21984.38,          0,          0
        939,22007.81,         -1,          0
        940,22031.25,          0,         -1
        941,22054.69,         -1,         -1
        942,22078.12,         -1,         -1
        943,22101.56,          0,         -1
        944,22125.00,         -1,         -1
        945,22148.44,          0,          0
        946,22171.88,         -1,         -1
        947,22195.31,          0,          0
        948,22218.75,         -1,          0
        949,22242.19,         -1,          0
        950,22265.62,          0,          0
        951,22289.06,          0,         -1
        952,22312.50,          0,         -1
        953,22335.94,          0,         -1
        954,22359.38,         -1,         -1
        955,22382.81,          0,         -1
        956,22406.25,          0,         -1
        957,22429.69,         -1,          0
        958,22453.12,          0,          0
        959,22476.56,         -1,         -1
        960,22500.00,         -1,          0
        961,22523.44,          0,          0
        962,22546.88,         -1,          0
        963,22570.31,         -1,          0
        964,22593.75,          0,          0
        965,22617.19,          0,          0
        966,22640.62,          0,          0
        967,22664.06,          0,          0
        968,22687.50,          0,          0
        969,22710.94,          0,          0
        970,22734.38,          0,          0
        971,22757.81,          0,          0
        972,22781.25,          0,          0
        973,22804.69,          0,          0
        974,22828.12,          0,          0
        975,22851.56,          0,         -1
        976,22875.00,         -1,         -1
        977,22898.44,          0,          0
        978,22921.88,          0,          0
        979,22945.31,         -1,          0
        980,22968.75,          0,          0
        981,22992.19,          0,          0
        982,23015.62,         -1,          0
        983,23039.06,         -1,         -1
        984,23062.50,         -1,         -1
        985,23085.94,         -1,          0
        986,23109.38,          0,          0
        987,23132.81,          0,          0
        988,23156.25,          0,          0
        989,23179.69,          0,          0
        990,23203.12,         -1,          0
        991,23226.56,          0,          0
        992,23250.00,          0,          0
        993,23273.44,          0,          0
        994,23296.88,         -1,          0
        995,23320.31,         -1,          0
        996,23343.75,         -1,         -1
        997,23367.19,         -1,         -1
        998,23390.62,          0,         -1
        999,23414.06,         -1,         -1
       1000,23437.50,         -1,         -1
       1001,23460.94,         -1,         -2
       1002,23484.38,         -2,         -1
       1003,23507.81,         -1,         -1
       1004,23531.25,         -2,         -1
       1005,23554.69,         -2,          0
       1006,23578.12,         -2,         -1
       1007,23601.56,         -2,          0
       1008,23625.00,         -2,         -1
       1009,23648.44,         -1,         -1
       1010,23671.88,         -2,         -1
       1011,23695.31,         -1,          0
       1012,23718.75,         -2,         -1
       1013,23742.19,         -1,          0
       1014,23765.62,         -1,          0
       1015,23789.06,         -1,          0
       1016,23812.50,         -1,         -2
       1017,23835.94,         -1,         -1
       1018,23859.38,         -1,         -2
       1019,23882.81,         -1,          0
       1020,23906.25,         -1,         -1
       1021,23929.69,         -2,         -1
       1022,23953.12,         -2,          0
       1023,23976.56,         -2,          0
       1024,24000.00,          0,          0
       1025,24023.44,          0,          0
       1026,24046.88,          0,          0
       1027,24070.31,          0,          0
       1028,24093.75,          0,          0
       1029,24117.19,          0,          0
       1030,24140.62,         -1,          0
       1031,24164.06,          0,          0
       1032,24187.50,          0,          0
       1033,24210.94,         -1,          0
       1034,24234.38,          0,          0
       1035,24257.81,          0,          0
       1036,24281.25,         -1,          0
       1037,24304.69,         -1,          0
       1038,24328.12,          0,          0
       1039,24351.56,         -1,          0
       1040,24375.00,          0,          0
       1041,24398.44,          0,          0
       1042,24421.88,          0,          0
       1043,24445.31,          0,          0
       1044,24468.75,          0,          0
       1045,24492.19,          0,          0
       1046,24515.62,         -1,         -1
       1047,24539.06,          0,         -1
       1048,24562.50,          0,          0
       1049,24585.94,          0,          0
       1050,24609.38,          0,          0
       1051,24632.81,          0,          0
       1052,24656.25,          0,          0
       1053,24679.69,          0,          0
       1054,24703.12,          0,          0
       1055,24726.56,          0,          0
       1056,24750.00,          0,          0
       1057,24773.44,          0,          0
       1058,24796.88,          0,          0
       1059,24820.31,          0,          0
       1060,24843.75,          0,          0
       1061,24867.19,          0,          0
       1062,24890.62,         -1,          0
       1063,24914.06,          0,          0
       1064,24937.50,          0,          0
       1065,24960.94,          0,          0
       1066,24984.38,          0,          0
       1067,25007.81,          0,          0
       1068,25031.25,          0,          0
       1069,25054.69,          0,          0
       1070,25078.12,          0,          0
       1071,25101.56,          0,          0
       1072,25125.00,          0,          0
       1073,25148.44,          0,          0
       1074,25171.88,          0,          0
       1075,25195.31,          0,          0
       1076,25218.75,         -1,          0
       1077,25242.19,          0,          0
       1078,25265.62,          0,          0
       1079,25289.06,          0,          0
       1080,25312.50,         -1,          0
       1081,25335.94,          0,          0
       1082,25359.38,          0,          0
       1083,25382.81,          0,          0
       1084,25406.25,          0,          0
       1085,25429.69,          0,          0
       1086,25453.12,          0,          0
       1087,25476.56,         -1,          0
       1088,25500.00,          0,          0
       1089,25523.44,          0,          0
       1090,25546.88,          0,          0
       1091,25570.31,          0,          0
       1092,25593.75,          0,          0
       1093,25617.19,          0,          0
       1094,25640.62,         -1,          0
       1095,25664.06,          0,          0
       1096,25687.50,          0,          0
       1097,25710.94,          0,          0
       1098,25734.38,          0,          0
       1099,25757.81,          0,          0
       1100,25781.25,          0,         -1
       1101,25804.69,          0,          0
       1102,25828.12,          0,         -1
       1103,25851.56,         -1,         -1
       1104,25875.00,          0,          0
       1105,25898.44,          0,          0
       1106,25921.88,          0,         -1
       1107,25945.31,          0,          0
       1108,25968.75,          0,          0
       1109,25992.19,          0,         -1
       1110,26015.62,          0,          0
       1111,26039.06,         -1,         -1
       1112,26062.50,          0,          0
       1113,26085.94,          0,          0
       1114,26109.38,         -1,          0
       1115,26132.81,          0,          0
       1116,26156.25,          0,          0
       1117,26179.69,          0,         -1
       1118,26203.12,          0,          0
       1119,26226.56,          0,          0
       1120,26250.00,          0,          0
       1121,26273.44,         -1,          0
       1122,26296.88,          0,          0
       1123,26320.31,          0,          0
       1124,26343.75,          0,          0
       1125,26367.19,          0,          0
       1126,26390.62,          0,          0
       1127,26414.06,         -1,          0
       1128,26437.50,          0,          0
       1129,26460.94,          0,          0
       1130,26484.38,         -1,          0
       1131,26507.81,          0,          0
       1132,26531.25,          0,          0
       1133,26554.69,          0,          0
       1134,26578.12,         -1,          0
       1135,26601.56,          0,          0
       1136,26625.00,          0,          0
       1137,26648.44,          0,          0
       1138,26671.88,          0,          0
       1139,26695.31,          0,          0
       1140,26718.75,          0,          0
       1141,26742.19,          0,          0
       1142,26765.62,         -1,          0
       1143,26789.06,          0,          0
       1144,26812.50,          0,          0
       1145,26835.94,          0,          0
       1146,26859.38,          0,          0
       1147,26882.81,          0,          0
       1148,26906.25,          0,         -1
       1149,26929.69,         -1,          0
       1150,26953.12,         -1,          0
       1151,26976.56,         -1,          0
       1152,27000.00,          0,          0
       1153,27023.44,          0,          0
       1154,27046.88,          0,          0
       1155,27070.31,          0,         -1
       1156,27093.75,          0,          0
       1157,27117.19,          0,          0
       1158,27140.62,          0,          0
       1159,27164.06,          0,          0
       1160,27187.50,         -1,          0
       1161,27210.94,          0,         -1
       1162,27234.38,         -1,          0
       1163,27257.81,          0,          0
       1164,27281.25,          0,          0
       1165,27304.69,          0,          0
       1166,27328.12,          0,          0
       1167,27351.56,          0,          0
       1168,27375.00,         -1,          0
       1169,27398.44,          0,          0
       1170,27421.88,         -1,         -1
       1171,27445.31,          0,          0
       1172,27468.75,          0,          0
       1173,27492.19,         -1,         -1
       1174,27515.62,         -1,         -1
       1175,27539.06,         -1,         -1
       1176,27562.50,          0,          0
       1177,27585.94,          0,          0
       1178,27609.38,          0,          0
       1179,27632.81,          0,          0
       1180,27656.25,          0,         -1
       1181,27679.69,          0,          0
       1182,27703.12,          0,          0
       1183,27726.56,          0,          0
       1184,27750.00,          0,          0
       1185,27773.44,          0,          0
       1186,27796.88,          0,          0
       1187,27820.31,          0,          0
       1188,27843.75,          0,         -1
       1189,27867.19,          0,          0
       1190,27890.62,          0,          0
       1191,27914.06,          0,         -1
       1192,27937.50,          0,          0
       1193,27960.94,          0,          0
       1194,27984.38,          0,          0
       1195,28007.81,          0,          0
       1196,28031.25,          0,          0
       1197,28054.69,          0,          0
       1198,28078.12,          0,          0
       1199,28101.56,          0,          0
       1200,28125.00,          0,          0
       1201,28148.44,          0,          0
       1202,28171.88,          0,          0
       1203,28195.31,          0,          0
       1204,28218.75,          0,          0
       1205,28242.19,          0,          0
       1206,28265.62,          0,          0
       1207,28289.06,          0,         -1
       1208,28312.50,          0,         -1
       1209,28335.94,          0,         -1
       1210,28359.38,          0,          0
       1211,28382.81,          0,          0
       1212,28406.25,          0,          0
       1213,28429.69,          0,          0
       1214,28453.12,          0,          0
       1215,28476.56,          0,          0
       1216,28500.00,          0,          0
       1217,28523.44,          0,          0
       1218,28546.88,          0,          0
       1219,28570.31,         -1,          0
       1220,28593.75,          0,          0
       1221,28617.19,          0,          0
       1222,28640.62,          0,          0
       1223,28664.06,          0,          0
       1224,28687.50,          0,          0
       1225,28710.94,          0,          0
       1226,28734.38,          0,          0
       1227,28757.81,          0,          0
       1228,28781.25,         -1,          0
       1229,28804.69,          0,          0
       1230,28828.12,          0,         -1
       1231,28851.56,          0,         -1
       1232,28875.00,          0,         -1
       1233,28898.44,          0,          0
       1234,28921.88,         -1,          0
       1235,28945.31,          0,          0
       1236,28968.75,         -1,         -1
       1237,28992.19,         -1,         -1
       1238,29015.62,          0,          0
       1239,29039.06,         -1,         -1
       1240,29062.50,          0,          0
       1241,29085.94,          0,          0
       1242,29109.38,          0,          0
       1243,29132.81,          0,          0
       1244,29156.25,          0,          0
       1245,29179.69,          0,          0
       1246,29203.12,         -1,          0
       1247,29226.56,          0,         -1
       1248,29250.00,          0,          0
       1249,29273.44,          0,          0
       1250,29296.88,          0,          0
       1251,29320.31,          0,          0
       1252,29343.75,          0,         -1
       1253,29367.19,          0,         -1
       1254,29390.62,          0,          0
       1255,29414.06,          0,          0
       1256,29437.50,          0,          0
       1257,29460.94,          0,          0
       1258,29484.38,         -1,          0
       1259,29507.81,         -1,          0
       1260,29531.25,         -1,          0
       1261,29554.69,          0,          0
       1262,29578.12,          0,          0
       1263,29601.56,          0,          0
       1264,29625.00,          0,         -1
       1265,29648.44,          0,          0
       1266,29671.88,          0,          0
       1267,29695.31,          0,          0
       1268,29718.75,         -1,          0
       1269,29742.19,          0,          0
       1270,29765.62,          0,          0
       1271,29789.06,          0,         -1
       1272,29812.50,          0,          0
       1273,29835.94,          0,         -1
       1274,29859.38,          0,          0
       1275,29882.81,          0,          0
       1276,29906.25,          0,         -1
       1277,29929.69,         -1,          0
       1278,29953.12,         -1,          0
       1279,29976.56,         -1,          0
       1280,30000.00,          0,          0
       1281,30023.44,          0,          0
       1282,30046.88,          0,          0
       1283,30070.31,          0,          0
       1284,30093.75,          0,          0
       1285,30117.19,          0,          0
       1286,30140.62,         -1,          0
       1287,30164.06,          0,          0
       1288,30187.50,         -1,          0
       1289,30210.94,         -1,          0
       1290,30234.38,          0,          0
       1291,30257.81,          0,          0
       1292,30281.25,         -1,          0
       1293,30304.69,          0,          0
       1294,30328.12,         -1,          0
       1295,30351.56,          0,          0
       1296,30375.00,         -1,          0
       1297,30398.44,          0,          0
       1298,30421.88,          0,          0
       1299,30445.31,          0,          0
       1300,30468.75,         -1,          0
       1301,30492.19,         -1,         -1
       1302,30515.62,          0,         -1
       1303,30539.06,         -1,         -1
       1304,30562.50,          0,          0
       1305,30585.94,          0,          0
       1306,30609.38,          0,          0
       1307,30632.81,          0,          0
       1308,30656.25,          0,          0
       1309,30679.69,          0,          0
       1310,30703.12,          0,          0
       1311,30726.56,          0,          0
       1312,30750.00,          0,          0
       1313,30773.44,          0,          0
       1314,30796.88,          0,          0
       1315,30820.31,          0,          0
       1316,30843.75,         -1,         -1
       1317,30867.19,          0,         -1
       1318,30890.62,         -1,          0
       1319,30914.06,          0,          0
       1320,30937.50,          0,          0
       1321,30960.94,          0,          0
       1322,30984.38,          0,         -1
       1323,31007.81,         -1,          0
       1324,31031.25,          0,          0
       1325,31054.69,          0,         -1
       1326,31078.12,          0,          0
       1327,31101.56,          0,          0
       1328,31125.00,          0,          0
       1329,31148.44,          0,          0
       1330,31171.88,          0,          0
       1331,31195.31,          0,          0
       1332,31218.75,         -1,         -1
       1333,31242.19,         -1,          0
       1334,31265.62,          0,          0
       1335,31289.06,          0,         -1
       1336,31312.50,          0,          0
       1337,31335.94,          0,          0
       1338,31359.38,         -1,          0
       1339,31382.81,          0,          0
       1340,31406.25,          0,         -1
       1341,31429.69,          0,          0
       1342,31453.12,         -1,          0
       1343,31476.56,          0,          0
       1344,31500.00,          0,          0
       1345,31523.44,          0,          0
       1346,31546.88,          0,          0
       1347,31570.31,          0,          0
       1348,31593.75,          0,          0
       1349,31617.19,          0,          0
       1350,31640.62,          0,          0
       1351,31664.06,          0,          0
       1352,31687.50,          0,          0
       1353,31710.94,          0,          0
       1354,31734.38,          0,          0
       1355,31757.81,          0,          0
       1356,31781.25,          0,          0
       1357,31804.69,          0,          0
       1358,31828.12,         -1,          0
       1359,31851.56,          0,         -1
       1360,31875.00,          0,          0
       1361,31898.44,         -1,          0
       1362,31921.88,          0,          0
       1363,31945.31,          0,          0
       1364,31968.75,         -1,          0
       1365,31992.19,         -1,          0
       1366,32015.62,          0,          0
       1367,32039.06,         -1,         -1
       1368,32062.50,          0,         -1
       1369,32085.94,          0,          0
       1370,32109.38,         -1,          0
       1371,32132.81,          0,          0
       1372,32156.25,          0,          0
       1373,32179.69,          0,          0
       1374,32203.12,         -1,          0
       1375,32226.56,          0,          0
       1376,32250.00,          0,          0
       1377,32273.44,          0,          0
       1378,32296.88,          0,          0
       1379,32320.31,          0,          0
       1380,32343.75,          0,          0
       1381,32367.19,          0,          0
       1382,32390.62,          0,          0
       1383,32414.06,          0,          0
       1384,32437.50,         -1,         -1
       1385,32460.94,          0,          0
       1386,32484.38,         -1,          0
       1387,32507.81,         -1,          0
       1388,32531.25,          0,          0
       1389,32554.69,          0,         -1
       1390,32578.12,         -1,         -1
       1391,32601.56,          0,          0
       1392,32625.00,          0,          0
       1393,32648.44,          0,         -1
       1394,32671.88,          0,          0
       1395,32695.31,          0,          0
       1396,32718.75,          0,          0
       1397,32742.19,          0,          0
       1398,32765.62,          0,          0
       1399,32789.06,          0,          0
       1400,32812.50,         -1,          0
       1401,32835.94,          0,         -1
       1402,32859.38,          0,         -1
       1403,32882.81,          0,         -1
       1404,32906.25,         -1,         -1
       1405,32929.69,         -1,          0
       1406,32953.12,          0,          0
       1407,32976.56,          0,          0
       1408,33000.00,          0,          0
       1409,33023.44,          0,          0
       1410,33046.88,         -1,          0
       1411,33070.31,         -1,          0
       1412,33093.75,          0,          0
       1413,33117.19,          0,          0
       1414,33140.62,          0,          0
       1415,33164.06,          0,          0
       1416,33187.50,          0,          0
       1417,33210.94,          0,         -1
       1418,33234.38,         -1,          0
       1419,33257.81,          0,          0
       1420,33281.25,          0,          0
       1421,33304.69,         -1,          0
       1422,33328.12,          0,         -1
       1423,33351.56,          0,          0
       1424,33375.00,          0,          0
       1425,33398.44,          0,          0
       1426,33421.88,         -1,          0
       1427,33445.31,          0,          0
       1428,33468.75,          0,          0
       1429,33492.19,          0,         -1
       1430,33515.62,          0,         -1
       1431,33539.06,         -1,         -1
       1432,33562.50,          0,          0
       1433,33585.94,          0,          0
       1434,33609.38,          0,          0
       1435,33632.81,          0,          0
       1436,33656.25,         -1,          0
       1437,33679.69,         -1,          0
       1438,33703.12,          0,          0
       1439,33726.56,          0,          0
       1440,33750.00,          0,          0
       1441,33773.44,          0,          0
       1442,33796.88,          0,          0
       1443,33820.31,          0,          0
       1444,33843.75,          0,         -1
       1445,33867.19,          0,         -1
       1446,33890.62,          0,          0
       1447,33914.06,          0,         -1
       1448,33937.50,          0,          0
       1449,33960.94,          0,         -1
       1450,33984.38,          0,          0
       1451,34007.81,          0,          0
       1452,34031.25,          0,         -1
       1453,34054.69,          0,          0
       1454,34078.12,          0,         -1
       1455,34101.56,          0,         -1
       1456,34125.00,          0,         -1
       1457,34148.44,          0,          0
       1458,34171.88,          0,         -1
       1459,34195.31,          0,          0
       1460,34218.75,         -1,          0
       1461,34242.19,         -1,          0
       1462,34265.62,          0,          0
       1463,34289.06,         -1,         -1
       1464,34312.50,          0,         -1
       1465,34335.94,          0,         -1
       1466,34359.38,         -1,         -1
       1467,34382.81,          0,         -1
       1468,34406.25,          0,         -1
       1469,34429.69,          0,          0
       1470,34453.12,          0,          0
       1471,34476.56,          0,          0
       1472,34500.00,          0,          0
       1473,34523.44,          0,          0
       1474,34546.88,          0,          0
       1475,34570.31,         -1,          0
       1476,34593.75,          0,          0
       1477,34617.19,          0,          0
       1478,34640.62,          0,          0
       1479,34664.06,          0,          0
       1480,34687.50,          0,          0
       1481,34710.94,          0,          0
       1482,34734.38,          0,          0
       1483,34757.81,          0,          0
       1484,34781.25,          0,          0
       1485,34804.69,          0,          0
       1486,34828.12,         -1,          0
       1487,34851.56,          0,         -1
       1488,34875.00,          0,          0
       1489,34898.44,          0,          0
       1490,34921.88,          0,          0
       1491,34945.31,          0,          0
       1492,34968.75,          0,          0
       1493,34992.19,         -1,          0
       1494,35015.62,          0,          0
       1495,35039.06,         -1,         -1
       1496,35062.50,          0,         -1
       1497,35085.94,          0,          0
       1498,35109.38,          0,          0
       1499,35132.81,          0,          0
       1500,35156.25,          0,          0
       1501,35179.69,         -1,          0
       1502,35203.12,         -1,          0
       1503,35226.56,          0,          0
       1504,35250.00,          0,          0
       1505,35273.44,          0,          0
       1506,35296.88,          0,          0
       1507,35320.31,         -1,         -1
       1508,35343.75,          0,          0
       1509,35367.19,          0,         -1
       1510,35390.62,          0,         -1
       1511,35414.06,          0,         -1
       1512,35437.50,          0,          0
       1513,35460.94,          0,         -1
       1514,35484.38,         -1,         -1
       1515,35507.81,          0,          0
       1516,35531.25,         -1,          0
       1517,35554.69,          0,          0
       1518,35578.12,         -1,          0
       1519,35601.56,         -1,         -1
       1520,35625.00,         -1,         -1
       1521,35648.44,          0,         -1
       1522,35671.88,         -1,          0
       1523,35695.31,          0,          0
       1524,35718.75,         -1,          0
       1525,35742.19,          0,          0
       1526,35765.62,          0,          0
       1527,35789.06,          0,          0
       1528,35812.50,          0,         -1
       1529,35835.94,          0,         -1
       1530,35859.38,          0,         -1
       1531,35882.81,         -1,          0
       1532,35906.25,          0,         -1
       1533,35929.69,         -1,          0
       1534,35953.12,         -1,          0
       1535,35976.56,          0,          0
       1536,36000.00,          0,          0
       1537,36023.44,          0,          0
       1538,36046.88,          0,          0
       1539,36070.31,          0,          0
       1540,36093.75,          0,          0
       1541,36117.19,          0,          0
       1542,36140.62,         -1,          0
       1543,36164.06,          0,          0
       1544,36187.50,          0,          0
       1545,36210.94,         -1,          0
       1546,36234.38,          0,          0
       1547,36257.81,          0,          0
       1548,36281.25,          0,          0
       1549,36304.69,          0,          0
       1550,36328.12,          0,          0
       1551,36351.56,          0,          0
       1552,36375.00,          0,          0
       1553,36398.44,          0,          0
       1554,36421.88,          0,          0
       1555,36445.31,          0,          0
       1556,36468.75,          0,          0
       1557,36492.19,          0,          0
       1558,36515.62,         -1,          0
       1559,36539.06,          0,         -1
       1560,36562.50,         -1,          0
       1561,36585.94,          0,          0
       1562,36609.38,          0,          0
       1563,36632.81,          0,          0
       1564,36656.25,         -1,          0
       1565,36679.69,          0,          0
       1566,36703.12,          0,          0
       1567,36726.56,          0,          0
       1568,36750.00,          0,          0
       1569,36773.44,          0,          0
       1570,36796.88,          0,          0
       1571,36820.31,          0,          0
       1572,36843.75,          0,          0
       1573,36867.19,          0,          0
       1574,36890.62,         -1,          0
       1575,36914.06,          0,          0
       1576,36937.50,          0,          0
       1577,36960.94,          0,          0
       1578,36984.38,          0,          0
       1579,37007.81,          0,          0
       1580,37031.25,          0,          0
       1581,37054.69,          0,          0
       1582,37078.12,          0,          0
       1583,37101.56,          0,          0
       1584,37125.00,          0,          0
       1585,37148.44,          0,          0
       1586,37171.88,          0,          0
       1587,37195.31,          0,          0
       1588,37218.75,         -1,          0
       1589,37242.19,         -1,          0
       1590,37265.62,          0,          0
       1591,37289.06,          0,          0
       1592,37312.50,          0,          0
       1593,37335.94,         -1,          0
       1594,37359.38,          0,          0
       1595,37382.81,         -1,          0
       1596,37406.25,         -1,          0
       1597,37429.69,         -1,          0
       1598,37453.12,         -1,          0
       1599,37476.56,          0,          0
       1600,37500.00,          0,          0
       1601,37523.44,          0,          0
       1602,37546.88,          0,          0
       1603,37570.31,          0,          0
       1604,37593.75,          0,          0
       1605,37617.19,          0,          0
       1606,37640.62,          0,          0
       1607,37664.06,          0,          0
       1608,37687.50,          0,          0
       1609,37710.94,          0,          0
       1610,37734.38,          0,          0
       1611,37757.81,          0,          0
       1612,37781.25,          0,          0
       1613,37804.69,          0,          0
       1614,37828.12,          0,          0
       1615,37851.56,          0,         -1
       1616,37875.00,          0,         -1
       1617,37898.44,          0,          0
       1618,37921.88,          0,         -1
       1619,37945.31,         -1,          0
       1620,37968.75,          0,          0
       1621,37992.19,          0,          0
       1622,38015.62,          0,          0
       1623,38039.06,          0,         -1
       1624,38062.50,         -1,         -1
       1625,38085.94,          0,          0
       1626,38109.38,          0,          0
       1627,38132.81,          0,          0
       1628,38156.25,          0,          0
       1629,38179.69,          0,          0
       1630,38203.12,          0,          0
       1631,38226.56,          0,          0
       1632,38250.00,          0,          0
       1633,38273.44,          0,          0
       1634,38296.88,          0,          0
       1635,38320.31,          0,          0
       1636,38343.75,          0,         -1
       1637,38367.19,          0,         -1
       1638,38390.62,          0,          0
       1639,38414.06,          0,         -1
       1640,38437.50,          0,          0
       1641,38460.94,          0,          0
       1642,38484.38,         -1,         -1
       1643,38507.81,          0,          0
       1644,38531.25,          0,          0
       1645,38554.69,          0,         -1
       1646,38578.12,         -1,         -1
       1647,38601.56,          0,          0
       1648,38625.00,          0,          0
       1649,38648.44,          0,         -1
       1650,38671.88,         -1,          0
       1651,38695.31,          0,          0
       1652,38718.75,         -1,          0
       1653,38742.19,          0,          0
       1654,38765.62,         -1,          0
       1655,38789.06,          0,          0
       1656,38812.50,          0,          0
       1657,38835.94,          0,         -1
       1658,38859.38,          0,          0
       1659,38882.81,          0,          0
       1660,38906.25,          0,         -1
       1661,38929.69,         -1,          0
       1662,38953.12,          0,          0
       1663,38976.56,         -1,          0
       1664,39000.00,          0,          0
       1665,39023.44,          0,          0
       1666,39046.88,          0,          0
       1667,39070.31,          0,          0
       1668,39093.75,          0,          0
       1669,39117.19,          0,          0
       1670,39140.62,          0,          0
       1671,39164.06,          0,          0
       1672,39187.50,          0,          0
       1673,39210.94,         -1,         -1
       1674,39234.38,         -1,          0
       1675,39257.81,          0,          0
       1676,39281.25,          0,          0
       1677,39304.69,          0,          0
       1678,39328.12,          0,         -1
       1679,39351.56,          0,          0
       1680,39375.00,         -1,          0
       1681,39398.44,          0,          0
       1682,39421.88,          0,          0
       1683,39445.31,          0,          0
       1684,39468.75,          0,          0
       1685,39492.19,          0,         -1
       1686,39515.62,          0,         -1
       1687,39539.06,         -1,         -1
       1688,39562.50,          0,          0
       1689,39585.94,          0,          0
       1690,39609.38,          0,          0
       1691,39632.81,          0,          0
       1692,39656.25,          0,          0
       1693,39679.69,         -1,          0
       1694,39703.12,          0,          0
       1695,39726.56,          0,          0
       1696,39750.00,          0,          0
       1697,39773.44,          0,          0
       1698,39796.88,          0,          0
       1699,39820.31,          0,          0
       1700,39843.75,          0,         -1
       1701,39867.19,          0,         -1
       1702,39890.62,          0,          0
       1703,39914.06,          0,         -1
       1704,39937.50,          0,          0
       1705,39960.94,          0,          0
       1706,39984.38,          0,          0
       1707,40007.81,          0,          0
       1708,40031.25,          0,          0
       1709,40054.69,          0,          0
       1710,40078.12,         -1,         -1
       1711,40101.56,          0,          0
       1712,40125.00,         -1,         -1
       1713,40148.44,          0,          0
       1714,40171.88,          0,          0
       1715,40195.31,         -1,          0
       1716,40218.75,          0,          0
       1717,40242.19,          0,          0
       1718,40265.62,         -1,          0
       1719,40289.06,          0,          0
       1720,40312.50,          0,         -1
       1721,40335.94,          0,         -1
       1722,40359.38,          0,          0
       1723,40382.81,          0,         -1
       1724,40406.25,          0,          0
       1725,40429.69,         -1,          0
       1726,40453.12,          0,          0
       1727,40476.56,          0,         -1
       1728,40500.00,          0,          0
       1729,40523.44,          0,          0
       1730,40546.88,          0,          0
       1731,40570.31,          0,          0
       1732,40593.75,          0,          0
       1733,40617.19,          0,          0
       1734,40640.62,          0,          0
       1735,40664.06,          0,          0
       1736,40687.50,          0,          0
       1737,40710.94,          0,          0
       1738,40734.38,          0,          0
       1739,40757.81,          0,          0
       1740,40781.25,          0,          0
       1741,40804.69,          0,          0
       1742,40828.12,          0,          0
       1743,40851.56,          0,         -1
       1744,40875.00,         -1,         -1
       1745,40898.44,          0,          0
       1746,40921.88,         -1,          0
       1747,40945.31,         -1,          0
       1748,40968.75,          0,          0
       1749,40992.19,          0,          0
       1750,41015.62,          0,          0
       1751,41039.06,         -1,         -1
       1752,41062.50,         -1,         -1
       1753,41085.94,          0,          0
       1754,41109.38,          0,          0
       1755,41132.81,          0,          0
       1756,41156.25,          0,          0
       1757,41179.69,         -1,          0
       1758,41203.12,         -1,          0
       1759,41226.56,          0,         -1
       1760,41250.00,          0,          0
       1761,41273.44,          0,          0
       1762,41296.88,         -1,          0
       1763,41320.31,          0,          0
       1764,41343.75,          0,         -1
       1765,41367.19,          0,         -1
       1766,41390.62,          0,          0
       1767,41414.06,          0,         -1
       1768,41437.50,          0,         -1
       1769,41460.94,          0,          0
       1770,41484.38,         -1,          0
       1771,41507.81,          0,          0
       1772,41531.25,          0,          0
       1773,41554.69,          0,          0
       1774,41578.12,          0,          0
       1775,41601.56,          0,          0
       1776,41625.00,          0,          0
       1777,41648.44,          0,         -1
       1778,41671.88,          0,          0
       1779,41695.31,          0,          0
       1780,41718.75,         -1,         -1
       1781,41742.19,          0,          0
       1782,41765.62,          0,          0
       1783,41789.06,          0,         -1
       1784,41812.50,          0,          0
       1785,41835.94,          0,         -1
       1786,41859.38,          0,          0
       1787,41882.81,          0,          0
       1788,41906.25,          0,          0
       1789,41929.69,          0,          0
       1790,41953.12,          0,          0
       1791,41976.56,          0,          0
       1792,42000.00,          0,          0
       1793,42023.44,          0,          0
       1794,42046.88,          0,          0
       1795,42070.31,          0,         -1
       1796,42093.75,          0,          0
       1797,42117.19,          0,          0
       1798,42140.62,          0,          0
       1799,42164.06,          0,          0
       1800,42187.50,         -1,          0
       1801,42210.94,         -1,          0
       1802,42234.38,          0,          0
       1803,42257.81,          0,          0
       1804,42281.25,         -1,          0
       1805,42304.69,          0,          0
       1806,42328.12,          0,          0
       1807,42351.56,          0,          0
       1808,42375.00,          0,          0
       1809,42398.44,          0,         -1
       1810,42421.88,          0,          0
       1811,42445.31,          0,          0
       1812,42468.75,          0,          0
       1813,42492.19,          0,         -1
       1814,42515.62,          0,         -1
       1815,42539.06,         -1,         -1
       1816,42562.50,          0,          0
       1817,42585.94,          0,          0
       1818,42609.38,          0,         -1
       1819,42632.81,          0,          0
       1820,42656.25,          0,          0
       1821,42679.69,          0,          0
       1822,42703.12,          0,          0
       1823,42726.56,          0,          0
       1824,42750.00,          0,          0
       1825,42773.44,          0,          0
       1826,42796.88,          0,          0
       1827,42820.31,          0,          0
       1828,42843.75,         -1,         -1
       1829,42867.19,          0,         -1
       1830,42890.62,          0,          0
       1831,42914.06,          0,         -1
       1832,42937.50,          0,          0
       1833,42960.94,          0,          0
       1834,42984.38,          0,         -1
       1835,43007.81,          0,          0
       1836,43031.25,          0,          0
       1837,43054.69,          0,         -1
       1838,43078.12,          0,          0
       1839,43101.56,          0,         -1
       1840,43125.00,          0,          0
       1841,43148.44,          0,          0
       1842,43171.88,          0,          0
       1843,43195.31,          0,          0
       1844,43218.75,         -1,         -1
       1845,43242.19,         -1,          0
       1846,43265.62,          0,          0
       1847,43289.06,          0,         -1
       1848,43312.50,          0,          0
       1849,43335.94,         -1,          0
       1850,43359.38,          0,          0
       1851,43382.81,          0,          0
       1852,43406.25,          0,         -1
       1853,43429.69,          0,          0
       1854,43453.12,          0,          0
       1855,43476.56,          0,          0
       1856,43500.00,          0,          0
       1857,43523.44,          0,          0
       1858,43546.88,          0,          0
       1859,43570.31,         -1,          0
       1860,43593.75,          0,          0
       1861,43617.19,          0,          0
       1862,43640.62,          0,          0
       1863,43664.06,          0,          0
       1864,43687.50,          0,          0
       1865,43710.94,          0,          0
       1866,43734.38,          0,          0
       1867,43757.81,          0,          0
       1868,43781.25,          0,          0
       1869,43804.69,          0,          0
       1870,43828.12,          0,          0
       1871,43851.56,          0,         -1
       1872,43875.00,          0,          0
       1873,43898.44,         -1,          0
       1874,43921.88,          0,          0
       1875,43945.31,          0,          0
       1876,43968.75,          0,          0
       1877,43992.19,          0,          0
       1878,44015.62,          0,          0
       1879,44039.06,         -1,         -1
       1880,44062.50,          0,         -1
       1881,44085.94,          0,          0
       1882,44109.38,         -1,          0
       1883,44132.81,          0,          0
       1884,44156.25,          0,          0
       1885,44179.69,         -1,          0
       1886,44203.12,         -1,          0
       1887,44226.56,          0,          0
       1888,44250.00,          0,          0
       1889,44273.44,          0,          0
       1890,44296.88,          0,         -1
       1891,44320.31,          0,          0
       1892,44343.75,          0,          0
       1893,44367.19,          0,          0
       1894,44390.62,          0,          0
       1895,44414.06,          0,          0
       1896,44437.50,          0,         -1
       1897,44460.94,          0,          0
       1898,44484.38,          0,          0
       1899,44507.81,          0,          0
       1900,44531.25,          0,          0
       1901,44554.69,          0,         -1
       1902,44578.12,         -1,         -1
       1903,44601.56,          0,         -1
       1904,44625.00,          0,          0
       1905,44648.44,          0,         -1
       1906,44671.88,         -1,          0
       1907,44695.31,          0,          0
       1908,44718.75,          0,         -1
       1909,44742.19,          0,          0
       1910,44765.62,          0,          0
       1911,44789.06,          0,          0
       1912,44812.50,          0,          0
       1913,44835.94,          0,         -1
       1914,44859.38,          0,         -1
       1915,44882.81,          0,         -1
       1916,44906.25,          0,         -1
       1917,44929.69,         -1,          0
       1918,44953.12,          0,          0
       1919,44976.56,          0,          0
       1920,45000.00,          0,          0
       1921,45023.44,          0,          0
       1922,45046.88,          0,          0
       1923,45070.31,          0,          0
       1924,45093.75,          0,          0
       1925,45117.19,          0,          0
       1926,45140.62,          0,          0
       1927,45164.06,          0,          0
       1928,45187.50,          0,          0
       1929,45210.94,          0,         -1
       1930,45234.38,         -1,          0
       1931,45257.81,          0,          0
       1932,45281.25,          0,          0
       1933,45304.69,          0,          0
       1934,45328.12,          0,         -1
       1935,45351.56,          0,          0
       1936,45375.00,          0,          0
       1937,45398.44,          0,          0
       1938,45421.88,          0,          0
       1939,45445.31,          0,          0
       1940,45468.75,          0,          0
       1941,45492.19,          0,         -1
       1942,45515.62,          0,         -1
       1943,45539.06,         -1,         -1
       1944,45562.50,         -1,          0
       1945,45585.94,          0,          0
       1946,45609.38,          0,          0
       1947,45632.81,          0,          0
       1948,45656.25,          0,          0
       1949,45679.69,          0,          0
       1950,45703.12,          0,          0
       1951,45726.56,          0,          0
       1952,45750.00,          0,          0
       1953,45773.44,          0,          0
       1954,45796.88,          0,          0
       1955,45820.31,          0,          0
       1956,45843.75,          0,         -1
       1957,45867.19,          0,         -1
       1958,45890.62,          0,          0
       1959,45914.06,          0,         -1
       1960,45937.50,          0,          0
       1961,45960.94,          0,         -1
       1962,45984.38,          0,          0
       1963,46007.81,          0,          0
       1964,46031.25,          0,         -1
       1965,46054.69,          0,         -1
       1966,46078.12,          0,         -1
       1967,46101.56,          0,         -1
       1968,46125.00,          0,         -1
       1969,46148.44,          0,          0
       1970,46171.88,          0,         -1
       1971,46195.31,          0,          0
       1972,46218.75,          0,          0
       1973,46242.19,          0,          0
       1974,46265.62,          0,          0
       1975,46289.06,          0,         -1
       1976,46312.50,          0,         -1
       1977,46335.94,          0,         -1
       1978,46359.38,          0,         -1
       1979,46382.81,          0,         -1
       1980,46406.25,          0,         -1
       1981,46429.69,          0,          0
       1982,46453.12,          0,          0
       1983,46476.56,          0,         -1
       1984,46500.00,          0,          0
       1985,46523.44,          0,          0
       1986,46546.88,          0,          0
       1987,46570.31,         -1,          0
       1988,46593.75,          0,          0
       1989,46617.19,          0,          0
       1990,46640.62,          0,          0
       1991,46664.06,          0,          0
       1992,46687.50,          0,          0
       1993,46710.94,          0,          0
       1994,46734.38,          0,          0
       1995,46757.81,          0,          0
       1996,46781.25,          0,          0
       1997,46804.69,          0,          0
       1998,46828.12,          0,          0
       1999,46851.56,          0,         -1
       2000,46875.00,          0,         -1
       2001,46898.44,          0,          0
       2002,46921.88,          0,          0
       2003,46945.31,          0,          0
       2004,46968.75,          0,          0
       2005,46992.19,          0,          0
       2006,47015.62,          0,          0
       2007,47039.06,         -1,         -1
       2008,47062.50,          0,         -1
       2009,47085.94,          0,          0
       2010,47109.38,          0,          0
       2011,47132.81,          0,          0
       2012,47156.25,          0,          0
       2013,47179.69,          0,          0
       2014,47203.12,         -1,          0
       2015,47226.56,          0,          0
       2016,47250.00,          0,          0
       2017,47273.44,          0,          0
       2018,47296.88,         -1,          0
       2019,47320.31,         -1,          0
       2020,47343.75,         -1,          0
       2021,47367.19,         -1,          0
       2022,47390.62,         -2,          3
       2023,47414.06,         -6,         10
       2024,47437.50,        -19,         34
       2025,47460.94,       -115,        199
       2026,47484.38,        928,      -1612
       2027,47507.81,      -1161,       2009
       2028,47531.25,        333,       -575
       2029,47554.69,         34,        -56
       2030,47578.12,         11,        -16
       2031,47601.56,          8,         -4
       2032,47625.00,         13,          2
       2033,47648.44,         44,         27
       2034,47671.88,        717,        515
       2035,47695.31,      -1968,      -1431
       2036,47718.75,       1311,        953
       2037,47742.19,        -94,        -68
       2038,47765.62,        -21,        -13
       2039,47789.06,        -10,         -2
       2040,47812.50,        -10,          2
       2041,47835.94,        -23,         19
       2042,47859.38,       -114,        122
       2043,47882.81,       1163,      -1300
       2044,47906.25,      -1597,       1768
       2045,47929.69,        516,       -576
       2046,47953.12,         40,        -50
       2047,47976.56,          9,        -18
