sample_n,real,imag
          0,      15360,          0
          1,      15360,      -1024
          2,      15360,      -1024
          3,      15360,      -1024
          4,      15360,      -1024
          5,      15360,      -1024
          6,      15360,      -1024
          7,      15360,      -1024
          8,      15360,      -1024
          9,      15360,      -1024
         10,      14336,      -1024
         11,      14336,      -1024
         12,      14336,      -1024
         13,      14336,      -1024
         14,      14336,      -1024
         15,      13312,      -1024
         16,      13312,      -1024
         17,      13312,      -1024
         18,      13312,      -1024
         19,      13312,      -1024
         20,      12288,      -1024
         21,      12288,      -1024
         22,      12288,      -1024
         23,      11264,      -1024
         24,      11264,      -1024
         25,      11264,      -1024
         26,      10240,      -1024
         27,      10240,      -1024
         28,      10240,      -1024
         29,       9216,      -1024
         30,       9216,      -1024
         31,       9216,      -1024
         32,       8192,      -1024
         33,       8192,          0
         34,       7168,          0
         35,       7168,      -1024
         36,       6144,      -1024
         37,       6144,      -1024
         38,       6144,      -1024
         39,       5120,      -1024
         40,       5120,      -1024
         41,       4096,      -1024
         42,       4096,      -1024
         43,       3072,      -1024
         44,       3072,      -1024
         45,       2048,      -1024
         46,       2048,      -1024
         47,       1024,      -1024
         48,       1024,      -1024
         49,       1024,      -1024
         50,          0,      -1024
         51,          0,      -1024
         52,      -1024,      -1024
         53,      -1024,      -1024
         54,      -2048,      -1024
         55,      -2048,      -1024
         56,      -3072,      -1024
         57,      -3072,      -1024
         58,      -4096,      -1024
         59,      -4096,      -1024
         60,      -5120,      -1024
         61,      -5120,      -1024
         62,      -6144,          0
         63,      -6144,      -1024
         64,      -6144,      -1024
         65,      -7168,      -1024
         66,      -7168,          0
         67,      -8192,          0
         68,      -8192,      -1024
         69,      -9216,          0
         70,      -9216,          0
         71,      -9216,      -1024
         72,     -10240,          0
         73,     -10240,      -1024
         74,     -11264,      -1024
         75,     -11264,      -1024
         76,     -11264,          0
         77,     -12288,      -1024
         78,     -12288,      -1024
         79,     -12288,          0
         80,     -13312,      -1024
         81,     -13312,          0
         82,     -13312,      -1024
         83,     -13312,      -1024
         84,     -14336,      -1024
         85,     -14336,      -1024
         86,     -14336,      -1024
         87,     -14336,          0
         88,     -15360,      -1024
         89,     -15360,      -1024
         90,     -15360,      -1024
         91,     -15360,      -1024
         92,     -15360,      -1024
         93,     -16384,      -1024
         94,     -16384,          0
         95,     -16384,          0
         96,     -16384,      -1024
         97,     -16384,          0
         98,     -16384,          0
         99,     -16384,      -1024
        100,     -16384,          0
        101,     -16384,      -1024
        102,     -16384,      -1024
        103,     -16384,          0
        104,     -16384,      -1024
        105,     -16384,          0
        106,     -16384,          0
        107,     -16384,          0
        108,     -16384,          0
        109,     -16384,      -1024
        110,     -16384,      -1024
        111,     -16384,      -1024
        112,     -16384,      -1024
        113,     -15360,          0
        114,     -15360,          0
        115,     -15360,      -1024
        116,     -15360,      -1024
        117,     -15360,      -1024
        118,     -14336,          0
        119,     -14336,          0
        120,     -14336,      -1024
        121,     -14336,          0
        122,     -13312,          0
        123,     -13312,      -1024
        124,     -13312,      -1024
        125,     -13312,      -1024
        126,     -12288,      -1024
        127,     -12288,          0
        128,     -12288,          0
        129,     -11264,          0
        130,     -11264,          0
        131,     -11264,          0
        132,     -10240,          0
        133,     -10240,          0
        134,      -9216,      -1024
        135,      -9216,      -1024
        136,      -9216,      -1024
        137,      -8192,      -1024
        138,      -8192,          0
        139,      -7168,          0
        140,      -7168,          0
        141,      -7168,      -1024
        142,      -6144,          0
        143,      -5120,          0
        144,      -5120,      -1024
        145,      -5120,      -1024
        146,      -4096,      -1024
        147,      -4096,      -1024
        148,      -3072,          0
        149,      -3072,          0
        150,      -2048,          0
        151,      -2048,          0
        152,      -1024,          0
        153,      -1024,          0
        154,          0,          0
        155,          0,      -1024
        156,       1024,          0
        157,       1024,          0
        158,       2048,          0
        159,       2048,          0
        160,       3072,          0
        161,       3072,      -1024
        162,       4096,      -1024
        163,       4096,          0
        164,       4096,          0
        165,       5120,          0
        166,       5120,      -1024
        167,       6144,          0
        168,       6144,          0
        169,       7168,      -1024
        170,       7168,          0
        171,       7168,      -1024
        172,       8192,          0
        173,       8192,          0
        174,       9216,          0
        175,       9216,          0
        176,       9216,      -1024
        177,      10240,      -1024
        178,      10240,      -1024
        179,      10240,      -1024
        180,      11264,          0
        181,      11264,      -1024
        182,      12288,      -1024
        183,      12288,          0
        184,      12288,          0
        185,      12288,          0
        186,      13312,      -1024
        187,      13312,          0
        188,      13312,      -1024
        189,      13312,      -1024
        190,      14336,      -1024
        191,      14336,          0
        192,      14336,          0
        193,      14336,      -1024
        194,      14336,          0
        195,      14336,      -1024
        196,      15360,      -1024
        197,      15360,      -1024
        198,      15360,      -1024
        199,      15360,      -1024
        200,      15360,          0
        201,      15360,          0
        202,      15360,          0
        203,      15360,      -1024
        204,      15360,          0
        205,      15360,          0
        206,      15360,      -1024
        207,      15360,      -1024
        208,      15360,          0
        209,      15360,      -1024
        210,      15360,      -1024
        211,      15360,      -1024
        212,      15360,      -1024
        213,      15360,      -1024
        214,      14336,          0
        215,      14336,      -1024
        216,      14336,      -1024
        217,      14336,          0
        218,      14336,          0
        219,      14336,      -1024
        220,      13312,      -1024
        221,      13312,      -1024
        222,      13312,      -1024
        223,      13312,      -1024
        224,      12288,          0
        225,      12288,      -1024
        226,      12288,      -1024
        227,      12288,          0
        228,      11264,      -1024
        229,      11264,      -1024
        230,      10240,          0
        231,      10240,      -1024
        232,      10240,          0
        233,      10240,      -1024
        234,       9216,          0
        235,       9216,      -1024
        236,       8192,      -1024
        237,       8192,          0
        238,       8192,      -1024
        239,       7168,          0
        240,       7168,      -1024
        241,       6144,          0
        242,       6144,      -1024
        243,       6144,      -1024
        244,       5120,          0
        245,       4096,          0
        246,       4096,          0
        247,       4096,      -1024
        248,       3072,      -1024
        249,       3072,          0
        250,       2048,      -1024
        251,       2048,      -1024
        252,       1024,      -1024
        253,       1024,          0
        254,          0,      -1024
        255,          0,      -1024
        256,          0,          0
        257,      -1024,          0
        258,      -1024,          0
        259,      -2048,          0
        260,      -2048,          0
        261,      -3072,          0
        262,      -3072,          0
        263,      -4096,          0
        264,      -4096,          0
        265,      -5120,          0
        266,      -5120,          0
        267,      -6144,          0
        268,      -6144,          0
        269,      -7168,          0
        270,      -7168,          0
        271,      -7168,          0
        272,      -8192,          0
        273,      -8192,          0
        274,      -9216,          0
        275,      -9216,          0
        276,      -9216,          0
        277,     -10240,          0
        278,     -10240,          0
        279,     -11264,          0
        280,     -11264,          0
        281,     -11264,          0
        282,     -12288,          0
        283,     -12288,          0
        284,     -12288,          0
        285,     -13312,          0
        286,     -13312,          0
        287,     -13312,          0
        288,     -13312,          0
        289,     -14336,          0
        290,     -14336,          0
        291,     -14336,          0
        292,     -14336,          0
        293,     -15360,          0
        294,     -15360,          0
        295,     -15360,          0
        296,     -15360,          0
        297,     -15360,          0
        298,     -15360,          0
        299,     -16384,          0
        300,     -16384,          0
        301,     -16384,          0
        302,     -16384,          0
        303,     -16384,          0
        304,     -16384,          0
        305,     -16384,          0
        306,     -16384,          0
        307,     -16384,          0
        308,     -16384,          0
        309,     -16384,          0
        310,     -16384,          0
        311,     -16384,          0
        312,     -16384,          0
        313,     -16384,          0
        314,     -16384,          0
        315,     -16384,          0
        316,     -16384,          0
        317,     -15360,          0
        318,     -15360,          0
        319,     -15360,          0
        320,     -15360,          0
        321,     -15360,          0
        322,     -14336,          0
        323,     -14336,          0
        324,     -14336,          0
        325,     -14336,          0
        326,     -13312,          0
        327,     -13312,          0
        328,     -13312,          0
        329,     -13312,          0
        330,     -12288,          0
        331,     -12288,          0
        332,     -12288,          0
        333,     -11264,          0
        334,     -11264,          0
        335,     -11264,          0
        336,     -10240,          0
        337,     -10240,          0
        338,     -10240,          0
        339,      -9216,          0
        340,      -9216,          0
        341,      -8192,          0
        342,      -8192,          0
        343,      -7168,          0
        344,      -7168,          0
        345,      -7168,          0
        346,      -6144,          0
        347,      -6144,          0
        348,      -5120,          0
        349,      -5120,          0
        350,      -4096,          0
        351,      -4096,          0
        352,      -3072,          0
        353,      -3072,          0
        354,      -2048,          0
        355,      -2048,          0
        356,      -1024,          0
        357,      -1024,          0
        358,      -1024,          0
        359,          0,          0
        360,          0,          0
        361,       1024,          0
        362,       1024,          0
        363,       2048,          0
        364,       2048,          0
        365,       2048,          0
        366,       3072,          0
        367,       3072,          0
        368,       4096,          0
        369,       4096,          0
        370,       5120,          0
        371,       5120,          0
        372,       6144,          0
        373,       6144,          0
        374,       7168,          0
        375,       7168,          0
        376,       7168,          0
        377,       8192,          0
        378,       8192,          0
        379,       9216,          0
        380,       9216,          0
        381,       9216,          0
        382,      10240,          0
        383,      10240,          0
        384,      10240,          0
        385,      11264,          0
        386,      11264,          0
        387,      11264,          0
        388,      12288,          0
        389,      12288,          0
        390,      12288,          0
        391,      12288,          0
        392,      13312,          0
        393,      13312,          0
        394,      13312,          0
        395,      13312,          0
        396,      14336,          0
        397,      14336,          0
        398,      14336,          0
        399,      14336,          0
        400,      14336,          0
        401,      14336,          0
        402,      14336,          0
        403,      14336,          0
        404,      15360,          0
        405,      15360,          0
        406,      15360,          0
        407,      15360,          0
        408,      15360,          0
        409,      15360,          0
        410,      15360,          0
        411,      15360,          0
        412,      15360,          0
        413,      15360,          0
        414,      15360,          0
        415,      15360,          0
        416,      15360,          0
        417,      14336,          0
        418,      14336,          0
        419,      14336,          0
        420,      14336,          0
        421,      14336,          0
        422,      14336,          0
        423,      14336,          0
        424,      13312,          0
        425,      13312,          0
        426,      13312,          0
        427,      13312,          0
        428,      12288,          0
        429,      12288,          0
        430,      12288,          0
        431,      12288,          0
        432,      11264,          0
        433,      11264,          0
        434,      11264,          0
        435,      10240,          0
        436,      10240,          0
        437,      10240,          0
        438,       9216,          0
        439,       9216,          0
        440,       9216,          0
        441,       8192,          0
        442,       8192,          0
        443,       7168,          0
        444,       7168,          0
        445,       6144,          0
        446,       6144,          0
        447,       6144,          0
        448,       5120,          0
        449,       5120,          0
        450,       4096,          0
        451,       4096,          0
        452,       3072,          0
        453,       3072,          0
        454,       2048,          0
        455,       2048,          0
        456,       2048,          0
        457,       1024,          0
        458,       1024,          0
        459,          0,          0
        460,          0,          0
        461,      -1024,          0
        462,      -1024,          0
        463,      -2048,          0
        464,      -2048,          0
        465,      -3072,          0
        466,      -3072,          0
        467,      -4096,          0
        468,      -4096,          0
        469,      -5120,          0
        470,      -5120,          0
        471,      -5120,          0
        472,      -6144,          0
        473,      -6144,          0
        474,      -7168,          0
        475,      -7168,          0
        476,      -8192,          0
        477,      -8192,          0
        478,      -8192,          0
        479,      -9216,          0
        480,      -9216,          0
        481,     -10240,          0
        482,     -10240,          0
        483,     -10240,          0
        484,     -11264,          0
        485,     -11264,          0
        486,     -11264,          0
        487,     -12288,          0
        488,     -12288,          0
        489,     -13312,          0
        490,     -13312,          0
        491,     -13312,          0
        492,     -13312,          0
        493,     -14336,          0
        494,     -14336,          0
        495,     -14336,          0
        496,     -14336,          0
        497,     -14336,          0
        498,     -15360,          0
        499,     -15360,          0
        500,     -15360,          0
        501,     -15360,          0
        502,     -15360,          0
        503,     -16384,          0
        504,     -16384,          0
        505,     -16384,          0
        506,     -16384,          0
        507,     -16384,          0
        508,     -16384,          0
        509,     -16384,          0
        510,     -16384,          0
        511,     -16384,          0
        512,     -16384,          0
        513,     -16384,          0
        514,     -16384,          0
        515,     -16384,          0
        516,     -16384,          0
        517,     -16384,          0
        518,     -16384,          0
        519,     -16384,          0
        520,     -15360,          0
        521,     -15360,          0
        522,     -15360,          0
        523,     -15360,          0
        524,     -15360,          0
        525,     -15360,          0
        526,     -14336,          0
        527,     -14336,          0
        528,     -14336,          0
        529,     -14336,          0
        530,     -14336,          0
        531,     -13312,          0
        532,     -13312,          0
        533,     -13312,          0
        534,     -12288,          0
        535,     -12288,          0
        536,     -12288,          0
        537,     -11264,          0
        538,     -11264,          0
        539,     -11264,          0
        540,     -10240,          0
        541,     -10240,          0
        542,     -10240,          0
        543,      -9216,          0
        544,      -9216,          0
        545,      -8192,          0
        546,      -8192,          0
        547,      -8192,          0
        548,      -7168,          0
        549,      -7168,          0
        550,      -6144,          0
        551,      -6144,          0
        552,      -5120,          0
        553,      -5120,          0
        554,      -5120,          0
        555,      -4096,          0
        556,      -4096,          0
        557,      -3072,          0
        558,      -3072,          0
        559,      -2048,          0
        560,      -2048,          0
        561,      -1024,          0
        562,      -1024,          0
        563,          0,          0
        564,          0,          0
        565,          0,          0
        566,       1024,          0
        567,       1024,          0
        568,       2048,          0
        569,       2048,          0
        570,       3072,          0
        571,       3072,          0
        572,       3072,          0
        573,       4096,          0
        574,       4096,          0
        575,       5120,          0
        576,       5120,          0
        577,       6144,          0
        578,       6144,          0
        579,       7168,          0
        580,       7168,          0
        581,       7168,          0
        582,       8192,          0
        583,       8192,          0
        584,       9216,          0
        585,       9216,          0
        586,       9216,          0
        587,      10240,          0
        588,      10240,          0
        589,      10240,          0
        590,      11264,          0
        591,      11264,          0
        592,      11264,          0
        593,      12288,          0
        594,      12288,          0
        595,      12288,          0
        596,      13312,          0
        597,      13312,          0
        598,      13312,          0
        599,      13312,          0
        600,      13312,          0
        601,      14336,          0
        602,      14336,          0
        603,      14336,          0
        604,      14336,          0
        605,      14336,          0
        606,      14336,          0
        607,      15360,          0
        608,      15360,          0
        609,      15360,          0
        610,      15360,          0
        611,      15360,          0
        612,      15360,          0
        613,      15360,          0
        614,      15360,          0
        615,      15360,          0
        616,      15360,          0
        617,      15360,          0
        618,      15360,          0
        619,      15360,          0
        620,      15360,          0
        621,      15360,          0
        622,      14336,          0
        623,      14336,          0
        624,      14336,          0
        625,      14336,          0
        626,      14336,          0
        627,      14336,          0
        628,      14336,          0
        629,      13312,          0
        630,      13312,          0
        631,      13312,          0
        632,      13312,          0
        633,      12288,          0
        634,      12288,          0
        635,      12288,          0
        636,      12288,          0
        637,      11264,          0
        638,      11264,          0
        639,      11264,          0
        640,      10240,          0
        641,      10240,          0
        642,      10240,          0
        643,       9216,          0
        644,       9216,          0
        645,       8192,          0
        646,       8192,          0
        647,       8192,          0
        648,       7168,          0
        649,       7168,          0
        650,       6144,          0
        651,       6144,          0
        652,       6144,          0
        653,       5120,          0
        654,       5120,          0
        655,       4096,          0
        656,       4096,          0
        657,       3072,          0
        658,       3072,          0
        659,       2048,          0
        660,       2048,          0
        661,       1024,          0
        662,       1024,          0
        663,          0,          0
        664,          0,          0
        665,          0,          0
        666,          0,          0
        667,      -1024,          0
        668,      -1024,          0
        669,      -2048,          0
        670,      -2048,          0
        671,      -3072,          0
        672,      -3072,          0
        673,      -4096,          0
        674,      -4096,          0
        675,      -5120,          0
        676,      -5120,          0
        677,      -6144,          0
        678,      -6144,          0
        679,      -6144,          0
        680,      -7168,          0
        681,      -7168,          0
        682,      -8192,          0
        683,      -8192,          0
        684,      -9216,          0
        685,      -9216,          0
        686,      -9216,          0
        687,     -10240,          0
        688,     -10240,          0
        689,     -11264,          0
        690,     -11264,          0
        691,     -11264,          0
        692,     -12288,          0
        693,     -12288,          0
        694,     -12288,          0
        695,     -12288,          0
        696,     -13312,          0
        697,     -13312,          0
        698,     -13312,          0
        699,     -14336,          0
        700,     -14336,          0
        701,     -14336,          0
        702,     -14336,          0
        703,     -14336,          0
        704,     -15360,          0
        705,     -15360,          0
        706,     -15360,          0
        707,     -15360,          0
        708,     -15360,          0
        709,     -15360,          0
        710,     -15360,          0
        711,     -16384,          0
        712,     -16384,          0
        713,     -16384,          0
        714,     -16384,          0
        715,     -16384,          0
        716,     -16384,          0
        717,     -16384,          0
        718,     -16384,          0
        719,     -16384,          0
        720,     -16384,          0
        721,     -16384,          0
        722,     -16384,          0
        723,     -15360,          0
        724,     -15360,          0
        725,     -15360,          0
        726,     -15360,          0
        727,     -15360,          0
        728,     -15360,          0
        729,     -15360,          0
        730,     -15360,          0
        731,     -14336,          0
        732,     -14336,          0
        733,     -14336,          0
        734,     -14336,          0
        735,     -14336,          0
        736,     -13312,          0
        737,     -13312,          0
        738,     -13312,          0
        739,     -12288,          0
        740,     -12288,          0
        741,     -12288,          0
        742,     -11264,          0
        743,     -11264,          0
        744,     -11264,          0
        745,     -10240,          0
        746,     -10240,          0
        747,     -10240,          0
        748,      -9216,          0
        749,      -9216,          0
        750,      -8192,          0
        751,      -8192,          0
        752,      -7168,          0
        753,      -7168,          0
        754,      -7168,          0
        755,      -6144,          0
        756,      -6144,          0
        757,      -5120,          0
        758,      -5120,          0
        759,      -4096,          0
        760,      -4096,          0
        761,      -3072,          0
        762,      -3072,          0
        763,      -2048,          0
        764,      -2048,          0
        765,      -1024,          0
        766,      -1024,          0
        767,      -1024,          0
        768,          0,          0
        769,          0,          0
        770,          0,          0
        771,       1024,          0
        772,       1024,          0
        773,       2048,          0
        774,       2048,          0
        775,       3072,          0
        776,       3072,          0
        777,       4096,          0
        778,       4096,          0
        779,       4096,          0
        780,       5120,          0
        781,       5120,          0
        782,       6144,          0
        783,       6144,          0
        784,       7168,          0
        785,       7168,          0
        786,       7168,          0
        787,       8192,          0
        788,       8192,          0
        789,       9216,          0
        790,       9216,          0
        791,       9216,          0
        792,      10240,          0
        793,      10240,          0
        794,      10240,          0
        795,      11264,          0
        796,      11264,          0
        797,      11264,          0
        798,      12288,          0
        799,      12288,          0
        800,      12288,          0
        801,      12288,          0
        802,      13312,          0
        803,      13312,          0
        804,      13312,          0
        805,      13312,          0
        806,      14336,          0
        807,      14336,          0
        808,      14336,          0
        809,      14336,          0
        810,      14336,          0
        811,      14336,          0
        812,      14336,          0
        813,      15360,          0
        814,      15360,          0
        815,      15360,          0
        816,      15360,          0
        817,      15360,          0
        818,      15360,          0
        819,      15360,          0
        820,      15360,          0
        821,      15360,          0
        822,      15360,          0
        823,      15360,          0
        824,      15360,          0
        825,      15360,          0
        826,      15360,          0
        827,      14336,          0
        828,      14336,          0
        829,      14336,          0
        830,      14336,          0
        831,      14336,          0
        832,      14336,          0
        833,      13312,          0
        834,      13312,          0
        835,      13312,          0
        836,      13312,          0
        837,      12288,          0
        838,      12288,          0
        839,      12288,          0
        840,      12288,          0
        841,      11264,          0
        842,      11264,          0
        843,      11264,          0
        844,      10240,          0
        845,      10240,          0
        846,      10240,          0
        847,       9216,          0
        848,       9216,          0
        849,       9216,          0
        850,       8192,          0
        851,       8192,          0
        852,       8192,          0
        853,       7168,          0
        854,       7168,          0
        855,       6144,          0
        856,       6144,          0
        857,       5120,          0
        858,       5120,          0
        859,       5120,          0
        860,       4096,          0
        861,       4096,          0
        862,       3072,          0
        863,       3072,          0
        864,       2048,          0
        865,       2048,          0
        866,       1024,          0
        867,       1024,          0
        868,          0,          0
        869,          0,          0
        870,          0,          0
        871,          0,          0
        872,      -1024,          0
        873,      -1024,          0
        874,      -2048,          0
        875,      -2048,          0
        876,      -3072,          0
        877,      -3072,          0
        878,      -4096,          0
        879,      -4096,          0
        880,      -5120,          0
        881,      -5120,          0
        882,      -6144,          0
        883,      -6144,          0
        884,      -6144,          0
        885,      -7168,          0
        886,      -7168,          0
        887,      -8192,          0
        888,      -8192,          0
        889,      -9216,          0
        890,      -9216,          0
        891,      -9216,          0
        892,     -10240,          0
        893,     -10240,          0
        894,     -10240,          0
        895,     -11264,          0
        896,     -11264,          0
        897,     -11264,          0
        898,     -12288,          0
        899,     -12288,          0
        900,     -12288,          0
        901,     -13312,          0
        902,     -13312,          0
        903,     -13312,          0
        904,     -13312,          0
        905,     -14336,          0
        906,     -14336,          0
        907,     -14336,          0
        908,     -14336,          0
        909,     -14336,          0
        910,     -15360,          0
        911,     -15360,          0
        912,     -15360,          0
        913,     -15360,          0
        914,     -15360,          0
        915,     -15360,          0
        916,     -15360,          0
        917,     -15360,          0
        918,     -16384,          0
        919,     -16384,          0
        920,     -16384,          0
        921,     -16384,          0
        922,     -16384,          0
        923,     -16384,          0
        924,     -16384,          0
        925,     -16384,          0
        926,     -15360,          0
        927,     -15360,          0
        928,     -15360,          0
        929,     -15360,          0
        930,     -15360,          0
        931,     -15360,          0
        932,     -15360,          0
        933,     -15360,          0
        934,     -14336,          0
        935,     -14336,          0
        936,     -14336,          0
        937,     -14336,          0
        938,     -14336,          0
        939,     -13312,          0
        940,     -13312,          0
        941,     -13312,          0
        942,     -13312,          0
        943,     -12288,          0
        944,     -12288,          0
        945,     -12288,          0
        946,     -11264,          0
        947,     -11264,          0
        948,     -11264,          0
        949,     -10240,          0
        950,     -10240,          0
        951,     -10240,          0
        952,      -9216,          0
        953,      -9216,          0
        954,      -8192,          0
        955,      -8192,          0
        956,      -8192,          0
        957,      -7168,          0
        958,      -7168,          0
        959,      -6144,          0
        960,      -6144,          0
        961,      -5120,          0
        962,      -5120,          0
        963,      -5120,          0
        964,      -4096,          0
        965,      -4096,          0
        966,      -3072,          0
        967,      -3072,          0
        968,      -2048,          0
        969,      -2048,          0
        970,      -1024,          0
        971,      -1024,          0
        972,          0,          0
        973,          0,          0
        974,          0,          0
        975,          0,          0
        976,       1024,          0
        977,       1024,          0
        978,       2048,          0
        979,       2048,          0
        980,       3072,          0
        981,       3072,          0
        982,       4096,          0
        983,       4096,          0
        984,       5120,          0
        985,       5120,          0
        986,       6144,          0
        987,       6144,          0
        988,       6144,          0
        989,       7168,          0
        990,       7168,          0
        991,       8192,          0
        992,       8192,          0
        993,       8192,          0
        994,       9216,          0
        995,       9216,          0
        996,      10240,          0
        997,      10240,          0
        998,      10240,          0
        999,      11264,          0
       1000,      11264,          0
       1001,      11264,          0
       1002,      11264,          0
       1003,      12288,          0
       1004,      12288,          0
       1005,      12288,          0
       1006,      13312,          0
       1007,      13312,          0
       1008,      13312,          0
       1009,      13312,          0
       1010,      14336,          0
       1011,      14336,          0
       1012,      14336,          0
       1013,      14336,          0
       1014,      14336,          0
       1015,      14336,          0
       1016,      15360,          0
       1017,      14336,          0
       1018,      15360,          0
       1019,      15360,          0
       1020,      15360,          0
       1021,      15360,          0
       1022,      15360,          0
       1023,      15360,          0
       1024,      14336,          0
       1025,      14336,      -1024
       1026,      14336,      -1024
       1027,      14336,      -1024
       1028,      14336,      -1024
       1029,      14336,      -1024
       1030,      14336,      -1024
       1031,      14336,      -1024
       1032,      14336,      -1024
       1033,      14336,      -1024
       1034,      13312,      -1024
       1035,      13312,      -1024
       1036,      13312,      -1024
       1037,      13312,      -1024
       1038,      13312,      -1024
       1039,      12288,      -1024
       1040,      12288,      -1024
       1041,      12288,      -1024
       1042,      12288,      -1024
       1043,      12288,      -1024
       1044,      11264,      -1024
       1045,      11264,      -1024
       1046,      11264,      -1024
       1047,      10240,      -1024
       1048,      10240,      -1024
       1049,      10240,      -1024
       1050,       9216,      -1024
       1051,       9216,      -1024
       1052,       9216,      -1024
       1053,       8192,      -1024
       1054,       8192,      -1024
       1055,       8192,      -1024
       1056,       7168,      -1024
       1057,       7168,          0
       1058,       6144,          0
       1059,       6144,      -1024
       1060,       5120,      -1024
       1061,       5120,      -1024
       1062,       5120,      -1024
       1063,       4096,      -1024
       1064,       4096,      -1024
       1065,       3072,      -1024
       1066,       3072,      -1024
       1067,       2048,      -1024
       1068,       2048,      -1024
       1069,       1024,      -1024
       1070,       1024,      -1024
       1071,          0,      -1024
       1072,          0,      -1024
       1073,          0,      -1024
       1074,          0,      -1024
       1075,          0,      -1024
       1076,      -1024,      -1024
       1077,      -1024,      -1024
       1078,      -2048,      -1024
       1079,      -2048,      -1024
       1080,      -3072,      -1024
       1081,      -3072,      -1024
       1082,      -4096,      -1024
       1083,      -4096,      -1024
       1084,      -5120,      -1024
       1085,      -5120,      -1024
       1086,      -6144,          0
       1087,      -6144,      -1024
       1088,      -6144,      -1024
       1089,      -7168,      -1024
       1090,      -7168,          0
       1091,      -8192,          0
       1092,      -8192,      -1024
       1093,      -9216,          0
       1094,      -9216,          0
       1095,      -9216,      -1024
       1096,     -10240,          0
       1097,     -10240,      -1024
       1098,     -11264,      -1024
       1099,     -11264,      -1024
       1100,     -11264,          0
       1101,     -12288,      -1024
       1102,     -12288,      -1024
       1103,     -12288,          0
       1104,     -13312,      -1024
       1105,     -13312,          0
       1106,     -13312,      -1024
       1107,     -13312,      -1024
       1108,     -14336,      -1024
       1109,     -14336,      -1024
       1110,     -14336,      -1024
       1111,     -14336,          0
       1112,     -15360,      -1024
       1113,     -15360,      -1024
       1114,     -15360,      -1024
       1115,     -15360,      -1024
       1116,     -15360,      -1024
       1117,     -16384,      -1024
       1118,     -16384,          0
       1119,     -16384,          0
       1120,     -16384,      -1024
       1121,     -16384,          0
       1122,     -16384,          0
       1123,     -16384,      -1024
       1124,     -16384,          0
       1125,     -16384,      -1024
       1126,     -16384,      -1024
       1127,     -16384,          0
       1128,     -16384,      -1024
       1129,     -16384,          0
       1130,     -16384,          0
       1131,     -16384,          0
       1132,     -16384,          0
       1133,     -16384,      -1024
       1134,     -16384,      -1024
       1135,     -16384,      -1024
       1136,     -16384,      -1024
       1137,     -15360,          0
       1138,     -15360,          0
       1139,     -15360,      -1024
       1140,     -15360,      -1024
       1141,     -15360,      -1024
       1142,     -14336,          0
       1143,     -14336,          0
       1144,     -14336,      -1024
       1145,     -14336,          0
       1146,     -13312,          0
       1147,     -13312,      -1024
       1148,     -13312,      -1024
       1149,     -13312,      -1024
       1150,     -12288,      -1024
       1151,     -12288,          0
       1152,     -12288,          0
       1153,     -11264,          0
       1154,     -11264,          0
       1155,     -11264,          0
       1156,     -10240,          0
       1157,     -10240,          0
       1158,      -9216,      -1024
       1159,      -9216,      -1024
       1160,      -9216,      -1024
       1161,      -8192,      -1024
       1162,      -8192,          0
       1163,      -7168,          0
       1164,      -7168,          0
       1165,      -7168,      -1024
       1166,      -6144,          0
       1167,      -5120,          0
       1168,      -5120,      -1024
       1169,      -5120,      -1024
       1170,      -4096,      -1024
       1171,      -4096,      -1024
       1172,      -3072,          0
       1173,      -3072,          0
       1174,      -2048,          0
       1175,      -2048,          0
       1176,      -1024,          0
       1177,      -1024,          0
       1178,          0,          0
       1179,          0,      -1024
       1180,          0,          0
       1181,          0,          0
       1182,       1024,          0
       1183,       1024,          0
       1184,       2048,          0
       1185,       2048,      -1024
       1186,       3072,      -1024
       1187,       3072,          0
       1188,       3072,          0
       1189,       4096,          0
       1190,       4096,      -1024
       1191,       5120,          0
       1192,       5120,          0
       1193,       6144,      -1024
       1194,       6144,          0
       1195,       6144,      -1024
       1196,       7168,          0
       1197,       7168,          0
       1198,       8192,          0
       1199,       8192,          0
       1200,       8192,      -1024
       1201,       9216,      -1024
       1202,       9216,      -1024
       1203,       9216,      -1024
       1204,      10240,          0
       1205,      10240,      -1024
       1206,      11264,      -1024
       1207,      11264,          0
       1208,      11264,          0
       1209,      11264,          0
       1210,      12288,      -1024
       1211,      12288,          0
       1212,      12288,      -1024
       1213,      12288,      -1024
       1214,      13312,      -1024
       1215,      13312,          0
       1216,      13312,          0
       1217,      13312,      -1024
       1218,      13312,          0
       1219,      13312,      -1024
       1220,      14336,      -1024
       1221,      14336,      -1024
       1222,      14336,      -1024
       1223,      14336,      -1024
       1224,      14336,          0
       1225,      14336,          0
       1226,      14336,          0
       1227,      14336,      -1024
       1228,      14336,          0
       1229,      14336,          0
       1230,      14336,      -1024
       1231,      14336,      -1024
       1232,      14336,          0
       1233,      14336,      -1024
       1234,      14336,      -1024
       1235,      14336,      -1024
       1236,      14336,      -1024
       1237,      14336,      -1024
       1238,      13312,          0
       1239,      13312,      -1024
       1240,      13312,      -1024
       1241,      13312,          0
       1242,      13312,          0
       1243,      13312,      -1024
       1244,      12288,      -1024
       1245,      12288,      -1024
       1246,      12288,      -1024
       1247,      12288,      -1024
       1248,      11264,          0
       1249,      11264,      -1024
       1250,      11264,      -1024
       1251,      11264,          0
       1252,      10240,      -1024
       1253,      10240,      -1024
       1254,       9216,          0
       1255,       9216,      -1024
       1256,       9216,          0
       1257,       9216,      -1024
       1258,       8192,          0
       1259,       8192,      -1024
       1260,       7168,      -1024
       1261,       7168,          0
       1262,       7168,      -1024
       1263,       6144,          0
       1264,       6144,      -1024
       1265,       5120,          0
       1266,       5120,      -1024
       1267,       5120,      -1024
       1268,       4096,          0
       1269,       3072,          0
       1270,       3072,          0
       1271,       3072,      -1024
       1272,       2048,      -1024
       1273,       2048,          0
       1274,       1024,      -1024
       1275,       1024,      -1024
       1276,          0,      -1024
       1277,          0,          0
       1278,          0,      -1024
       1279,          0,      -1024
       1280,          0,          0
       1281,      -1024,          0
       1282,      -1024,          0
       1283,      -2048,          0
       1284,      -2048,          0
       1285,      -3072,          0
       1286,      -3072,          0
       1287,      -4096,          0
       1288,      -4096,          0
       1289,      -5120,          0
       1290,      -5120,          0
       1291,      -6144,          0
       1292,      -6144,          0
       1293,      -7168,          0
       1294,      -7168,          0
       1295,      -7168,          0
       1296,      -8192,          0
       1297,      -8192,          0
       1298,      -9216,          0
       1299,      -9216,          0
       1300,      -9216,          0
       1301,     -10240,          0
       1302,     -10240,          0
       1303,     -11264,          0
       1304,     -11264,          0
       1305,     -11264,          0
       1306,     -12288,          0
       1307,     -12288,          0
       1308,     -12288,          0
       1309,     -13312,          0
       1310,     -13312,          0
       1311,     -13312,          0
       1312,     -13312,          0
       1313,     -14336,          0
       1314,     -14336,          0
       1315,     -14336,          0
       1316,     -14336,          0
       1317,     -15360,          0
       1318,     -15360,          0
       1319,     -15360,          0
       1320,     -15360,          0
       1321,     -15360,          0
       1322,     -15360,          0
       1323,     -16384,          0
       1324,     -16384,          0
       1325,     -16384,          0
       1326,     -16384,          0
       1327,     -16384,          0
       1328,     -16384,          0
       1329,     -16384,          0
       1330,     -16384,          0
       1331,     -16384,          0
       1332,     -16384,          0
       1333,     -16384,          0
       1334,     -16384,          0
       1335,     -16384,          0
       1336,     -16384,          0
       1337,     -16384,          0
       1338,     -16384,          0
       1339,     -16384,          0
       1340,     -16384,          0
       1341,     -15360,          0
       1342,     -15360,          0
       1343,     -15360,          0
       1344,     -15360,          0
       1345,     -15360,          0
       1346,     -14336,          0
       1347,     -14336,          0
       1348,     -14336,          0
       1349,     -14336,          0
       1350,     -13312,          0
       1351,     -13312,          0
       1352,     -13312,          0
       1353,     -13312,          0
       1354,     -12288,          0
       1355,     -12288,          0
       1356,     -12288,          0
       1357,     -11264,          0
       1358,     -11264,          0
       1359,     -11264,          0
       1360,     -10240,          0
       1361,     -10240,          0
       1362,     -10240,          0
       1363,      -9216,          0
       1364,      -9216,          0
       1365,      -8192,          0
       1366,      -8192,          0
       1367,      -7168,          0
       1368,      -7168,          0
       1369,      -7168,          0
       1370,      -6144,          0
       1371,      -6144,          0
       1372,      -5120,          0
       1373,      -5120,          0
       1374,      -4096,          0
       1375,      -4096,          0
       1376,      -3072,          0
       1377,      -3072,          0
       1378,      -2048,          0
       1379,      -2048,          0
       1380,      -1024,          0
       1381,      -1024,          0
       1382,      -1024,          0
       1383,          0,          0
       1384,          0,          0
       1385,          0,          0
       1386,          0,          0
       1387,       1024,          0
       1388,       1024,          0
       1389,       1024,          0
       1390,       2048,          0
       1391,       2048,          0
       1392,       3072,          0
       1393,       3072,          0
       1394,       4096,          0
       1395,       4096,          0
       1396,       5120,          0
       1397,       5120,          0
       1398,       6144,          0
       1399,       6144,          0
       1400,       6144,          0
       1401,       7168,          0
       1402,       7168,          0
       1403,       8192,          0
       1404,       8192,          0
       1405,       8192,          0
       1406,       9216,          0
       1407,       9216,          0
       1408,       9216,          0
       1409,      10240,          0
       1410,      10240,          0
       1411,      10240,          0
       1412,      11264,          0
       1413,      11264,          0
       1414,      11264,          0
       1415,      11264,          0
       1416,      12288,          0
       1417,      12288,          0
       1418,      12288,          0
       1419,      12288,          0
       1420,      13312,          0
       1421,      13312,          0
       1422,      13312,          0
       1423,      13312,          0
       1424,      13312,          0
       1425,      13312,          0
       1426,      13312,          0
       1427,      13312,          0
       1428,      14336,          0
       1429,      14336,          0
       1430,      14336,          0
       1431,      14336,          0
       1432,      14336,          0
       1433,      14336,          0
       1434,      14336,          0
       1435,      14336,          0
       1436,      14336,          0
       1437,      14336,          0
       1438,      14336,          0
       1439,      14336,          0
       1440,      14336,          0
       1441,      13312,          0
       1442,      13312,          0
       1443,      13312,          0
       1444,      13312,          0
       1445,      13312,          0
       1446,      13312,          0
       1447,      13312,          0
       1448,      12288,          0
       1449,      12288,          0
       1450,      12288,          0
       1451,      12288,          0
       1452,      11264,          0
       1453,      11264,          0
       1454,      11264,          0
       1455,      11264,          0
       1456,      10240,          0
       1457,      10240,          0
       1458,      10240,          0
       1459,       9216,          0
       1460,       9216,          0
       1461,       9216,          0
       1462,       8192,          0
       1463,       8192,          0
       1464,       8192,          0
       1465,       7168,          0
       1466,       7168,          0
       1467,       6144,          0
       1468,       6144,          0
       1469,       5120,          0
       1470,       5120,          0
       1471,       5120,          0
       1472,       4096,          0
       1473,       4096,          0
       1474,       3072,          0
       1475,       3072,          0
       1476,       2048,          0
       1477,       2048,          0
       1478,       1024,          0
       1479,       1024,          0
       1480,       1024,          0
       1481,          0,          0
       1482,          0,          0
       1483,          0,          0
       1484,          0,          0
       1485,      -1024,          0
       1486,      -1024,          0
       1487,      -2048,          0
       1488,      -2048,          0
       1489,      -3072,          0
       1490,      -3072,          0
       1491,      -4096,          0
       1492,      -4096,          0
       1493,      -5120,          0
       1494,      -5120,          0
       1495,      -5120,          0
       1496,      -6144,          0
       1497,      -6144,          0
       1498,      -7168,          0
       1499,      -7168,          0
       1500,      -8192,          0
       1501,      -8192,          0
       1502,      -8192,          0
       1503,      -9216,          0
       1504,      -9216,          0
       1505,     -10240,          0
       1506,     -10240,          0
       1507,     -10240,          0
       1508,     -11264,          0
       1509,     -11264,          0
       1510,     -11264,          0
       1511,     -12288,          0
       1512,     -12288,          0
       1513,     -13312,          0
       1514,     -13312,          0
       1515,     -13312,          0
       1516,     -13312,          0
       1517,     -14336,          0
       1518,     -14336,          0
       1519,     -14336,          0
       1520,     -14336,          0
       1521,     -14336,          0
       1522,     -15360,          0
       1523,     -15360,          0
       1524,     -15360,          0
       1525,     -15360,          0
       1526,     -15360,          0
       1527,     -16384,          0
       1528,     -16384,          0
       1529,     -16384,          0
       1530,     -16384,          0
       1531,     -16384,          0
       1532,     -16384,          0
       1533,     -16384,          0
       1534,     -16384,          0
       1535,     -16384,          0
       1536,     -16384,          0
       1537,     -16384,          0
       1538,     -16384,          0
       1539,     -16384,          0
       1540,     -16384,          0
       1541,     -16384,          0
       1542,     -16384,          0
       1543,     -16384,          0
       1544,     -15360,          0
       1545,     -15360,          0
       1546,     -15360,          0
       1547,     -15360,          0
       1548,     -15360,          0
       1549,     -15360,          0
       1550,     -14336,          0
       1551,     -14336,          0
       1552,     -14336,          0
       1553,     -14336,          0
       1554,     -14336,          0
       1555,     -13312,          0
       1556,     -13312,          0
       1557,     -13312,          0
       1558,     -12288,          0
       1559,     -12288,          0
       1560,     -12288,          0
       1561,     -11264,          0
       1562,     -11264,          0
       1563,     -11264,          0
       1564,     -10240,          0
       1565,     -10240,          0
       1566,     -10240,          0
       1567,      -9216,          0
       1568,      -9216,          0
       1569,      -8192,          0
       1570,      -8192,          0
       1571,      -8192,          0
       1572,      -7168,          0
       1573,      -7168,          0
       1574,      -6144,          0
       1575,      -6144,          0
       1576,      -5120,          0
       1577,      -5120,          0
       1578,      -5120,          0
       1579,      -4096,          0
       1580,      -4096,          0
       1581,      -3072,          0
       1582,      -3072,          0
       1583,      -2048,          0
       1584,      -2048,          0
       1585,      -1024,          0
       1586,      -1024,          0
       1587,          0,          0
       1588,          0,          0
       1589,          0,          0
       1590,          0,          0
       1591,          0,          0
       1592,       1024,          0
       1593,       1024,          0
       1594,       2048,          0
       1595,       2048,          0
       1596,       2048,          0
       1597,       3072,          0
       1598,       3072,          0
       1599,       4096,          0
       1600,       4096,          0
       1601,       5120,          0
       1602,       5120,          0
       1603,       6144,          0
       1604,       6144,          0
       1605,       6144,          0
       1606,       7168,          0
       1607,       7168,          0
       1608,       8192,          0
       1609,       8192,          0
       1610,       8192,          0
       1611,       9216,          0
       1612,       9216,          0
       1613,       9216,          0
       1614,      10240,          0
       1615,      10240,          0
       1616,      10240,          0
       1617,      11264,          0
       1618,      11264,          0
       1619,      11264,          0
       1620,      12288,          0
       1621,      12288,          0
       1622,      12288,          0
       1623,      12288,          0
       1624,      12288,          0
       1625,      13312,          0
       1626,      13312,          0
       1627,      13312,          0
       1628,      13312,          0
       1629,      13312,          0
       1630,      13312,          0
       1631,      14336,          0
       1632,      14336,          0
       1633,      14336,          0
       1634,      14336,          0
       1635,      14336,          0
       1636,      14336,          0
       1637,      14336,          0
       1638,      14336,          0
       1639,      14336,          0
       1640,      14336,          0
       1641,      14336,          0
       1642,      14336,          0
       1643,      14336,          0
       1644,      14336,          0
       1645,      14336,          0
       1646,      13312,          0
       1647,      13312,          0
       1648,      13312,          0
       1649,      13312,          0
       1650,      13312,          0
       1651,      13312,          0
       1652,      13312,          0
       1653,      12288,          0
       1654,      12288,          0
       1655,      12288,          0
       1656,      12288,          0
       1657,      11264,          0
       1658,      11264,          0
       1659,      11264,          0
       1660,      11264,          0
       1661,      10240,          0
       1662,      10240,          0
       1663,      10240,          0
       1664,       9216,          0
       1665,       9216,          0
       1666,       9216,          0
       1667,       8192,          0
       1668,       8192,          0
       1669,       7168,          0
       1670,       7168,          0
       1671,       7168,          0
       1672,       6144,          0
       1673,       6144,          0
       1674,       5120,          0
       1675,       5120,          0
       1676,       5120,          0
       1677,       4096,          0
       1678,       4096,          0
       1679,       3072,          0
       1680,       3072,          0
       1681,       2048,          0
       1682,       2048,          0
       1683,       1024,          0
       1684,       1024,          0
       1685,          0,          0
       1686,          0,          0
       1687,          0,          0
       1688,          0,          0
       1689,          0,          0
       1690,          0,          0
       1691,      -1024,          0
       1692,      -1024,          0
       1693,      -2048,          0
       1694,      -2048,          0
       1695,      -3072,          0
       1696,      -3072,          0
       1697,      -4096,          0
       1698,      -4096,          0
       1699,      -5120,          0
       1700,      -5120,          0
       1701,      -6144,          0
       1702,      -6144,          0
       1703,      -6144,          0
       1704,      -7168,          0
       1705,      -7168,          0
       1706,      -8192,          0
       1707,      -8192,          0
       1708,      -9216,          0
       1709,      -9216,          0
       1710,      -9216,          0
       1711,     -10240,          0
       1712,     -10240,          0
       1713,     -11264,          0
       1714,     -11264,          0
       1715,     -11264,          0
       1716,     -12288,          0
       1717,     -12288,          0
       1718,     -12288,          0
       1719,     -12288,          0
       1720,     -13312,          0
       1721,     -13312,          0
       1722,     -13312,          0
       1723,     -14336,          0
       1724,     -14336,          0
       1725,     -14336,          0
       1726,     -14336,          0
       1727,     -14336,          0
       1728,     -15360,          0
       1729,     -15360,          0
       1730,     -15360,          0
       1731,     -15360,          0
       1732,     -15360,          0
       1733,     -15360,          0
       1734,     -15360,          0
       1735,     -16384,          0
       1736,     -16384,          0
       1737,     -16384,          0
       1738,     -16384,          0
       1739,     -16384,          0
       1740,     -16384,          0
       1741,     -16384,          0
       1742,     -16384,          0
       1743,     -16384,          0
       1744,     -16384,          0
       1745,     -16384,          0
       1746,     -16384,          0
       1747,     -15360,          0
       1748,     -15360,          0
       1749,     -15360,          0
       1750,     -15360,          0
       1751,     -15360,          0
       1752,     -15360,          0
       1753,     -15360,          0
       1754,     -15360,          0
       1755,     -14336,          0
       1756,     -14336,          0
       1757,     -14336,          0
       1758,     -14336,          0
       1759,     -14336,          0
       1760,     -13312,          0
       1761,     -13312,          0
       1762,     -13312,          0
       1763,     -12288,          0
       1764,     -12288,          0
       1765,     -12288,          0
       1766,     -11264,          0
       1767,     -11264,          0
       1768,     -11264,          0
       1769,     -10240,          0
       1770,     -10240,          0
       1771,     -10240,          0
       1772,      -9216,          0
       1773,      -9216,          0
       1774,      -8192,          0
       1775,      -8192,          0
       1776,      -7168,          0
       1777,      -7168,          0
       1778,      -7168,          0
       1779,      -6144,          0
       1780,      -6144,          0
       1781,      -5120,          0
       1782,      -5120,          0
       1783,      -4096,          0
       1784,      -4096,          0
       1785,      -3072,          0
       1786,      -3072,          0
       1787,      -2048,          0
       1788,      -2048,          0
       1789,      -1024,          0
       1790,      -1024,          0
       1791,      -1024,          0
       1792,          0,          0
       1793,          0,          0
       1794,          0,          0
       1795,          0,          0
       1796,          0,          0
       1797,       1024,          0
       1798,       1024,          0
       1799,       2048,          0
       1800,       2048,          0
       1801,       3072,          0
       1802,       3072,          0
       1803,       3072,          0
       1804,       4096,          0
       1805,       4096,          0
       1806,       5120,          0
       1807,       5120,          0
       1808,       6144,          0
       1809,       6144,          0
       1810,       6144,          0
       1811,       7168,          0
       1812,       7168,          0
       1813,       8192,          0
       1814,       8192,          0
       1815,       8192,          0
       1816,       9216,          0
       1817,       9216,          0
       1818,       9216,          0
       1819,      10240,          0
       1820,      10240,          0
       1821,      10240,          0
       1822,      11264,          0
       1823,      11264,          0
       1824,      11264,          0
       1825,      11264,          0
       1826,      12288,          0
       1827,      12288,          0
       1828,      12288,          0
       1829,      12288,          0
       1830,      13312,          0
       1831,      13312,          0
       1832,      13312,          0
       1833,      13312,          0
       1834,      13312,          0
       1835,      13312,          0
       1836,      13312,          0
       1837,      14336,          0
       1838,      14336,          0
       1839,      14336,          0
       1840,      14336,          0
       1841,      14336,          0
       1842,      14336,          0
       1843,      14336,          0
       1844,      14336,          0
       1845,      14336,          0
       1846,      14336,          0
       1847,      14336,          0
       1848,      14336,          0
       1849,      14336,          0
       1850,      14336,          0
       1851,      13312,          0
       1852,      13312,          0
       1853,      13312,          0
       1854,      13312,          0
       1855,      13312,          0
       1856,      13312,          0
       1857,      12288,          0
       1858,      12288,          0
       1859,      12288,          0
       1860,      12288,          0
       1861,      11264,          0
       1862,      11264,          0
       1863,      11264,          0
       1864,      11264,          0
       1865,      10240,          0
       1866,      10240,          0
       1867,      10240,          0
       1868,       9216,          0
       1869,       9216,          0
       1870,       9216,          0
       1871,       8192,          0
       1872,       8192,          0
       1873,       8192,          0
       1874,       7168,          0
       1875,       7168,          0
       1876,       7168,          0
       1877,       6144,          0
       1878,       6144,          0
       1879,       5120,          0
       1880,       5120,          0
       1881,       4096,          0
       1882,       4096,          0
       1883,       4096,          0
       1884,       3072,          0
       1885,       3072,          0
       1886,       2048,          0
       1887,       2048,          0
       1888,       1024,          0
       1889,       1024,          0
       1890,          0,          0
       1891,          0,          0
       1892,          0,          0
       1893,          0,          0
       1894,          0,          0
       1895,          0,          0
       1896,      -1024,          0
       1897,      -1024,          0
       1898,      -2048,          0
       1899,      -2048,          0
       1900,      -3072,          0
       1901,      -3072,          0
       1902,      -4096,          0
       1903,      -4096,          0
       1904,      -5120,          0
       1905,      -5120,          0
       1906,      -6144,          0
       1907,      -6144,          0
       1908,      -6144,          0
       1909,      -7168,          0
       1910,      -7168,          0
       1911,      -8192,          0
       1912,      -8192,          0
       1913,      -9216,          0
       1914,      -9216,          0
       1915,      -9216,          0
       1916,     -10240,          0
       1917,     -10240,          0
       1918,     -10240,          0
       1919,     -11264,          0
       1920,     -11264,          0
       1921,     -11264,          0
       1922,     -12288,          0
       1923,     -12288,          0
       1924,     -12288,          0
       1925,     -13312,          0
       1926,     -13312,          0
       1927,     -13312,          0
       1928,     -13312,          0
       1929,     -14336,          0
       1930,     -14336,          0
       1931,     -14336,          0
       1932,     -14336,          0
       1933,     -14336,          0
       1934,     -15360,          0
       1935,     -15360,          0
       1936,     -15360,          0
       1937,     -15360,          0
       1938,     -15360,          0
       1939,     -15360,          0
       1940,     -15360,          0
       1941,     -15360,          0
       1942,     -16384,          0
       1943,     -16384,          0
       1944,     -16384,          0
       1945,     -16384,          0
       1946,     -16384,          0
       1947,     -16384,          0
       1948,     -16384,          0
       1949,     -16384,          0
       1950,     -15360,          0
       1951,     -15360,          0
       1952,     -15360,          0
       1953,     -15360,          0
       1954,     -15360,          0
       1955,     -15360,          0
       1956,     -15360,          0
       1957,     -15360,          0
       1958,     -14336,          0
       1959,     -14336,          0
       1960,     -14336,          0
       1961,     -14336,          0
       1962,     -14336,          0
       1963,     -13312,          0
       1964,     -13312,          0
       1965,     -13312,          0
       1966,     -13312,          0
       1967,     -12288,          0
       1968,     -12288,          0
       1969,     -12288,          0
       1970,     -11264,          0
       1971,     -11264,          0
       1972,     -11264,          0
       1973,     -10240,          0
       1974,     -10240,          0
       1975,     -10240,          0
       1976,      -9216,          0
       1977,      -9216,          0
       1978,      -8192,          0
       1979,      -8192,          0
       1980,      -8192,          0
       1981,      -7168,          0
       1982,      -7168,          0
       1983,      -6144,          0
       1984,      -6144,          0
       1985,      -5120,          0
       1986,      -5120,          0
       1987,      -5120,          0
       1988,      -4096,          0
       1989,      -4096,          0
       1990,      -3072,          0
       1991,      -3072,          0
       1992,      -2048,          0
       1993,      -2048,          0
       1994,      -1024,          0
       1995,      -1024,          0
       1996,          0,          0
       1997,          0,          0
       1998,          0,          0
       1999,          0,          0
       2000,          0,          0
       2001,          0,          0
       2002,       1024,          0
       2003,       1024,          0
       2004,       2048,          0
       2005,       2048,          0
       2006,       3072,          0
       2007,       3072,          0
       2008,       4096,          0
       2009,       4096,          0
       2010,       5120,          0
       2011,       5120,          0
       2012,       5120,          0
       2013,       6144,          0
       2014,       6144,          0
       2015,       7168,          0
       2016,       7168,          0
       2017,       7168,          0
       2018,       8192,          0
       2019,       8192,          0
       2020,       9216,          0
       2021,       9216,          0
       2022,       9216,          0
       2023,      10240,          0
       2024,      10240,          0
       2025,      10240,          0
       2026,      10240,          0
       2027,      11264,          0
       2028,      11264,          0
       2029,      11264,          0
       2030,      12288,          0
       2031,      12288,          0
       2032,      12288,          0
       2033,      12288,          0
       2034,      13312,          0
       2035,      13312,          0
       2036,      13312,          0
       2037,      13312,          0
       2038,      13312,          0
       2039,      13312,          0
       2040,      14336,          0
       2041,      13312,          0
       2042,      14336,          0
       2043,      14336,          0
       2044,      14336,          0
       2045,      14336,          0
       2046,      14336,          0
       2047,      14336,          0
